index,text,kata_kunci_ditemukan
120681,"Yewe hale'-hale'e irita lalengna foto yero nafengre'e Annisa, sibawa Ani, Benena Agus yero tampil i fake kaing batik cello cella' sibawa kebaja' fute wettunna hadere' upacara pengre' bendera esso kemerdekaan RI beberapa taung laloe. Sayangna, yewe taungnge irayakan Alleppereng sumpulolo SBY silengengni dessa gaga Ani. Makkungrai aseng aslinna Kristiani yero tutu' umuru' furana iteppu malasa kanker darah.",kristiani
56065,"Namu Gareja Katolik mappunnai seddi doktring pura idefinisikang secara dogmatis ri dosa assaleng, naekiyya de naripannessa passaleng nasi’na ana’lolo-ana’loloe iyya depa ibaptis; para teolo’ yaleng abebasakeng untu’ musulkangngi maega teori sihubunganna iyyae passalengnge, magisterium Gereja bebasa’to untu’ matterima iyyare’ga tola’i.","gareja, gereja"
13763,"Kuburu tuhan Yesus Kristus sedang dibukka. Untu' pertamakalinya eddi mancaji di Yerusalem ketika mereka meluncurkan marmer kuburu tuhan Yesus. Saddang sangkakala diangkalinga na ellung mabbentu lingkaran. Puji tuhan, fenomena yang dena naulle dijelaskang ancaji esso eddu di Israel, like pelik tafi tuju.",yesus
14166,"SELASA RIAU, PEKANBARU - Melona siolong Sang Khalik Maha Pencipta, Kristiani Herawati Yudhoyono iyaregga irisseng Ani Yudhoyono, nasalei fappaseng secara husus lao kader sibawa fangurusu'na Partai Demokrat yero alena fatettongngi sibawa nafaloppoi. Farellong faccappurengna Ani Yudhoyono yero mabbentu' fappaseng nafalettu' akki Kepala Divisi Komunikasi DPP Demokrat, Imelda Sari lalo pesang fonco' akki megae grup WhatsApp fangurusu' DPP Demokrat.",kristiani
31779,"Untu nabaliwi iyyae pakkutana'e, tau sarjan'e parellu makkutanangngi niga mokii Injil'e, uppanna mennang maroki, aga akkattana mennang ri laleng maroki'i, aga sumber-sumber assalengna iyya'e tau paroki'e, agana wedding ritariima sumber-sumber iyyae assaleng'e, sibawa agana jampana assaleng'e wettuna pole ri sumber assaleng pole ri curita-curita alena, iyarega agana purai ripinra'i.",injil
122442,"Purana yamaneng pemimpin keagamaan, politik,sibawa sosial mattama Kristen, cumpai tanggapan matedde pole maega tau, iyae makkibbu Ranavalona mancaji tappede mengkhawatirkan dampak Kekristenan terhadap politik sibawa budaya Madagaskar, sibawa alena tona merasa makkeda agama iyero makkibbu rakyat Madagaskar berpaling pole nenek moyang sibawa tradisi iyero.",kristen
2226,"Nasaba’ pemilihan umung berlangsung laleng rentang wettu seddi iyyare’ga duwangngesso secara berkala, madari taungeng iyyare’ga lebbi, onrong pemungutang suarae biasanna monro ri fasilitas iyya ipake untu’ parellu laingnge, bansana sikola, gareja, onrong olaraga, kantoro’ pamarenta, iyyare’ga onrong monro peribadi.",gareja
22452,"Pembantaian iyae mammulanna iyami menyerang tau Armenia sibawa riserukan okko politikus sibawa ulama Utsmaniyah iyae mengklaim makkeda tau Armenia meloi membubarkan negara mereka, tetapi pembantaian iyae matteruna berubah mancaji pembantaian anti-Kristen wettue yamaneng penjagal mammula mattamaki Vilayet Diyarbekir sibawa wilayah Tur Abdin iyae rionroi okko tau-tau Kristen Asiria.",kristen
92408,"Cardinal Dias yanaritu seddi anggota pole Kongregasi Doktrin Kepercayaan, Kongregasi Penyembahan Ilahi sibawa Murid Sakramen, Kongregasi Gereja-Gereja Oriental, Kongregasi Pendidikan Katolik, Dewan Kepausan untu' Kebudayaan, Dewan Kepausan untuk Kaum Awam, Dewan Kepausan untuk Mempromosikan Persatuan Kristen, Dewan Kepausan untu' Dialog Antar-Agama, Dewan Kepausan untu' Komunikasi Sosial, Komisi Kepausan untu' Warisan Kebudayaan Gereja sibawa Dewan Kepausan untu' Teks-Teks Legislatif.","kristen, gereja"
15760,"Papile Cerasi ku uluna Pengangkatan Tubuh iyya yita manessa, naiyya uluna Santo Paulus na Santo Petrus iyyanaritu untu' makkai dua Rasul iyya punnai akkeguna parellu lanre ku lalengna Gereja Katolik Roma, padae iyyato mega missengi mancaji uluna kedonge kontra-reformasi iyya asilaingena iman na kemartiran.",gereja
13038,"Ku manessae, tabel-tabel kanon, naiyya gambara'-yambara' paroki Injil, parellu lanre laleng studi alopponge oki naskah ku periode Abad Patengang Pamulang, ku tegi iyyami cedde naskah iyya ipatahangi, na naskah iyya lebbi riolo matama' lebbi cedde gambara' naiyya naskah pole periode matuna.",injil
120746,"Narekko provinsi iye miskin sibawa idi materru runtui stigma majae, padae bawang hinaan ero rituju lao ri Tuhan. ero battuangna idi mebbere beban Tuhan, tandasna. Laonimai idi mengurangngi beban Tuhan sibawa najamai potensi iyae riwerengngi Tuhan lao ri idi sibawa madeceng. Minimal idi dek paimeng riteppu sebagai provinsi miskin, provinsi macarepa, nasaba memang gereja sibawa pamarentah sama-sama majjama sibawa untu naatasi, tutupna.",gereja
105289,"Nazaret, kotaNazareth, kota onrong Yesus atau Nabi Isa Almasih nacappuri masa ana-ana, taung eddi merayakang Natal. Wali Kota Nazareth Ali Salam, nabatalkang seluruh rangkaian Perayaang Natal, sebagai protes atau keputusang Presideng Amerika serikat Donald Trump yang manggaku Yerusalem sebagai Ibu Kota Israel. Kota aro elo mafatuo Pohon Natal, tafi dena menggelar perayaan apapun.","yesus, isa almasih"
38415,"Alena lao sibawa siare surona gereja'e nennia ade'e untu' mappasadia surona Papua iyae matu engka ri upacara penobatanna Jokowi. Nasaba' sukkuru'i nasaba' naalle Jokowi, naissenni alena waji'i massempajang lao ri Jokowi mancaji presiden terpilih narimakkuannanaro naullei pimpingngi Indonesia sibawa madeceng, naiyya nabarakkakiwi Jokowi.",gereja
10418,"Ri lalenna iyyaro bobbo’ e, engka paragraph iyya nateppui makkeda sila pammulanna Pancasila iyanaritu Ketuhanan Yang Maha Esa nennia rilambangkang i sibawa sewwa biccuing ulaweng massudu’ lima. Iyyae sila e nabettuangi agama-agama maraja e ri Indonesia, iyanaritu Islam, Kristen, Buddha, Hindu, sibawa Ideologi Sekuler Sosialisme.",kristen
83331,"Kanon Katolik Roma sibawa Gereja-gereja Timur nacakup kitab-kitab yaro laesebbu deuterokanonika, yaro kega kewibawaanna laetentang okko Akiba ben Yusuf silaleng na perkembangan kanon Ibrani okko abad pertama; namo rekeng Akiba meto de' na natentang lae pake na pribadi kitab-kitab yaro sebagaimana alena meto biasa napake Kitab Sirakh.",gereja
4941,"Seddie, naekiya de'na seddi-seddi, iyyanaritu ekspresi gerakan ekumenis, iya pura mancaji gerakan untu' mabbentu gereja-gereja bersatu, pappada Gereja India Selatan, Gereja India Utara, Gereja Kristus berbasis ri AS, Gereja Bersatu Kanada, Gereja Uniting di Australia sibawa Gereja Bersatu Kristus di Filipina iya to napunnai i pengurangan keanggotaan sibawa magatti.",gereja
52972,"Kitab Musa yanaritu syatatan iyae lebbi lengkap fassaleng uki-uki Musa ri awal kitab Kejadian laleng Accanjingeng Itta.Kitab Musa mallise maega doktrin na aggurung iyae tabbe fole Alkitab na mabbere informasi tambahan fassaleng rencana keselamatan, penciptaan bumi serta urusan-urusan Tuhan silong Adam na Henokh.",alkitab
19071,"Sedi-seddi wettu rilaleng taung liturgi collongenggi tema teologi mattentu na tata cara massumpajang matentu iyya rijellokeng sibawa rupanna carana hiasi gereja, cora-cora paramentum na vestimentum bage rohaniwan, nas-nas Alkitab iyya ribacangeng rilaleng assumpajangeng, tema-tema makkatobba, na nulle sibawa rupanna tradisi sibawa praktik lo riammalakeng pole anggota jemaat secara pribadi iyyarega ri onrong ceddi-ceddi.","gereja, alkitab, jemaat"
126421,"Alena mebbu kritik yaro matareng lokka prasangka-prasangka yaro makkokkoe muncul tentang keuntungan-keuntungan yaro riabbereang lokka manusia pole gereja, negara na distribusi harta punna yaro engkae, na pole aggurung-aggurung Yesus alena nasimpulkan atoran untuk de'na mewa na kutukan mutlak lokka yamaneng perang.","yesus, gereja"
875,"Purana nasalai kepemimpinan NHGRI sibawa sebelum mancaji direktur NIH, alena patettong sibawa mancaji toi presiden The BioLogos Foundation, iya napromosikan discourse tentang hubungan antara sains sibawa agama sibawa naadvokasi perspektif makkeda kepercayaan Kristen naulle iselaraskan sibawa penerimaan evolusi sibawa sains, terutama lalo pengembangan kreasi evolusioner.",kristen
32004,"Purana serangang pammulang, pasukang Utsmaniyah tersebar ri sepanjang kalanan kota, Mese, nalewatkang forum-forum loppo, nennia nalewatkang Gereja Rasul Suci, ye yenelokie akku Mehmed II untu' ipanjaci onrong kedudukanna patriark ye elo' ijello'na, ye elo' mabbantu untu' lebbi makanja' laleng mengendalikang rakyat Kristenna.",gereja
127761,"Seddi apologet kristen na filsuf Alvin Plantinga iyae maddukung teori perancangan macca maformulasikan ulang argumen denanamungkin eddi sebage argumen evolusioner mabbali naturalisme, iya nanyatakan makkedda iyaro dena rasional untu mattolak keberadaan perancang macca na supernatural nasabari kemungkinan kemampuan mattentu tabbentu liwa syidaha.",kristen
37422,"Sebab iya yakin, makeda baik maut, maupun hidup, baik malaikat-malaikat, maupun pemerintah-pemerintah, makessing yewe engka makkukue, maupun yewe melo engka, atau kuasa-kuasa, baik yewe akki yase, maupun yewe akki iyawa, ataupun sesuatu makhluk lain, dessa melo wedding maserang ki fole kasih Allah, yewe engka laleng Kristus Yesus, Tuhan kita.",yesus
34003,Upacara pembaptisan ana-ana ki gereja Lutheran Upacara pengakuan dosa ki Gereja Katolik Ukraina Perayaan Ekaristi ki gereja Metodis Upacara pagala'i ki gereja Anglikan Upacara pentahbisan imang ki Gereja Ortodoks Rialau Pemahkotaan mempelai rilaleng upacara botting ri Gereja Katolik Suriah Malabar Upacara pengurapan tau malasa ri Esso Raba' Mapaccing.,gereja
23201,"Istilah aro syau lessi difake laleng Gereja Ortodoks Timur na Gereja Katolik Timur na terkadang iyaro analog fole monsinyur laleng Gereja Katolik, tafi laleng Gereja-Gereja Timur, seddi imam agung mappake jubah tambahan na seddi salib pektoral na kadang diakka molai seddi upacara liturgi.","gereja, salib"
62204,"Yede gau'e matedde rilaleng atuwongenna, gangka ri taung-taung paccappureng tuwongenna, alena lebbi gigih mappuada makkada Alkitab iyanaritu otoritas utama rilaleng Kekristenan, makkada akuwasanna Paus de nappunnai dasar sejarah, makkada atuwongeng biara iyaero pura mancaji makkasolang teng paddennuang untu' pinra, nenniya makkada kebobrokan moral sining pendeta nacarepai jabatan nenniya sakramen iya pada alena pogau.","alkitab, pendeta"
47815,"Untu' uma' Islam, de' isuroangi untu; magurui ise'na Taurat, Zabur, na Injil iyya engka makukuae, nasaba naseng agurung Islam, yasengi pura matama' rupangna bettuange manessanaiyya de' tongen na nasaba ise'na yemaneng kitab iyya yapereluang mupi, purani ipatama ku lalengna kitab Al-Qur`an.",injil
118321,"Tau iya palettu' kareba, harusu' napalettu' kareba pole Allah; tau iya layani tau laing e, harusu' nalayani sibawa agalakeng iya pole we Allah, bara' ilaleng siningna gau' e, Allah wedding iagungkan lalo Yesus Kristus. Alena makkuasa na wedding ipakaraja untu' silampe'na etta. Amin",yesus
92081,"Kehormatan pengurapan sibawa parfum yanaro tindakan yaro sangi' riteppu laleng literatur lainge pole yaro masae; ne, mappake gemme lampe' untuk rakkoi aje Yesus, mappada laleng Injil Yohanes na Lukas, de'na ricatat ri onrong lainge, na parellu rianggap sebagai tindakan yaro istimewa.","yesus, injil"
13188,"Namuni engka sadda-sadda laleng Dewan Signoria Venesia ye iyusulkang nare' pulau yero iyaleng sibawa passullenna  wilayah ri Dalmatia nennia hak-hak dangkang istimewa, harapang elo' engkana  bantuang pole negara-negara Kristen lainna napancaji Venesia maloppo ulu, nennia ultimatum Utsmaniyah to itola' mentah-mentah.",kristen
65272,"Hebraisme, sippada Helenisme, ianaritu salah seddi faktor pongpenting laleng perkembangan peradaban Dunia Barat; agama Yahudi, mancaji paddiolona pole agama Kristen, secara de' na langsung maega mabbere sumbangan lao akkibukeng nilai-nilai luhur sibawa akhlak bangsa-bangsa Barat sipongenna agama Kristen tattale' maloang ri puttanang Eropa.",kristen
93044,"Ku wettu Borgias, yarega wettu ku tegi silesurengna Borgia kuasai kepemimpinan Gereja, perang ku Italia mamula malanre ku tegi tentara-tentara nawajae Swiss mancaji pasukan garisi yolo tette untu' faksi-faksi iyya siewa - maderi untu' Prancis na maderi untu' taua Gereja yarega Kekaisaran Romawi Suci.",gereja
111711,"Jurnal penelaahan sejawat New Testament Studies iyya ipassu ku Cambridge University Press, paui agaga padangena iyya manessa ku agaga-agagana iyya terangkangi tanrangna alena na jamang Parakletos, sibawa aga iyya pura dinubuatkan untu' umat Kristen, iyyanaro nubuat iyya nacaritai Parakletos mancaji paberena Roh Kudus pasca-Paskah.",kristen
38419,"Naikiya nasaba' iyaro Allah namasei ka, bara' Kristus Yesus wedding nappitang siningna asabbarakeng-Na akku iya', tau iya paling madosa e he. Na iyahe mancajiwi seddi contoh untu' siningna tau e matu' melo' mateppe' akku-Alena na naruntu' tuo sejati na pulana",yesus
121255,"Umma' Kristen narasai idiskriminasi akut, persekusi, na rilaleng siare kasus ripettui pidana mate ri siare' negara Muslim, Yahudi, na Asia Selatan, iyanaritu ri Irak, Iran, Israel, Suriah, Teritorial Palestina, Mesir, Arab Saudi, Turki, Qatar, Uzbekistan, Yordania, Oman, Kuwait, Kazakstan, Tajikistan, Turkmenistan, Kirgistan, Eritrea, Uni Emirat Arab, Kosovo, sibawa Chechnya.",kristen
127230,"Agama Kristeng itentang ri laleng maega peristiwa iyya berhubungangnge pole assi antiklerikalisme bawang lettu' alluangeng assi kekerasang pappadanna assi dekristenisasi riwettu mattengnganna Revolusi Prancis, Ammusureng Rikkaneng Spanyol, na gerakang-gerakang Marxis mattentu, khususu'na Revolusi Rusia na penindasang umma' Kristen ri Uni Soviet ku rezim ateis.",kristen
73782,"Ye engkana beragam kalompo' agama bangsana monoteisme, politeisme, panteisme, nonteisme, nennia agama tertentu lainge bangsana Kristen, Yahudi, Islam, Taoisme, Buddhisme, nennia maega lainna; de' natoli jelas untu' kega kritik itujukang iyare'gi lettu kegani kritik berlaku untu' agama-agama laing.",kristen
44808,"Sebagai ana', Chaime mancaji pion ri laleng kekuatang politi' ri provence, di mana ambo'na maccoe terliba' laleng pertempurang menolong mubtadi' Kathar pole Albi nalawang pasukan Perang Salib Albigensia ye ipimpin oleh Simon IV de Montfor, Earl Leicester, ye nacobai untu' namusnahkan mereka.",salib
59162,"Nah, Puang-puang yamanengna parellu misseng na yamaneng bangsa Israel to parellu missengi makkeda yae taue tettong makkokkoe sibawa batang kale malessi ri olona Puang-puang, nasaba' kekuatan na akuasangeng pole Yesus Kristus yaro tau Nazaret e. Puang-puang pura nasalibkan yaro Yesus, tapi' Allah ta'ala purai napatuo Alena paineng",yesus
120462,"Iyaro daftar'e de'na riaseng'i parellui ri Gereja Katolik'e, nennia nasaba parellui Martin Luther, Gereja Katolik'e napinrai kanon'e ri Konsili Trente, iya purana napattentu paimeng kanon'e pole konsili-konsili riolo nennia natambai klausula anatema'e lao ri sininna usahana untu' napinrai isi kanon'e.",gereja
98247,"Alena pun teta nallaleni rukun iman na Islam. Namun, di padepokannya eddi, dena hanya diiseri oleh tau beragama Islam, agama laing pun dipersilakan maggabung. Naikia sayang, Siswo  dena najelaskang mengenai ajaran fole kelompo eddi. Trisula Weda merangkul yamaneng ajaran, di Trisula Weda  engka merangkul yamaneng, Hindu, Kristen, tau fole Bali todo engka todo, matterru Pasundan, Sunda Wiwitan, Jawa  Kejawen, komplit.",kristen
4786,"Kasus yede berkaitan sibawa tindakan mala paksa, iya lipegau' sibawa pemerintah Negara Gereja, lao salah seddi anak keluarga Yahudi ki Bologna, yanaritu Edgardo Mortara, iya nappa enneng taung umuru'na, atas dasar kesaksian seddi mantan pelayan keluarga Mortara makkeda Edgardo pura libaptis secara darurat wettu malasa wettuna biccu mupi.",gereja
109734,"Ero maneng cendekiawan modern pura napanessa makkeda surat-surat berharga iyehe denawedding yappodang sibawa naggunang huruf-huruf sandi berdasar lokko Salib Malta; engkato nala selisih pendapat lokko iye agagae, sibawa aretoga sistem kode iyehe napapigunang monri sibawa degaga sesuatu ero nagunang lokko iyamaneng Kesatria Ordo Bait Allah lokko abad maritengah.",salib
112060,"Doktring-doktring Kristen maccaku’ ateppereng makkeda Yesus ikandung ku Roh Kudus, ipajaji pole seddi perawang asenna Maria, pegau’ maega mujjisa’, mappatettong Gereja, mate nasaba’ assalibeng sebagai karoba lao penebusang, moto’ pole amatengeng na menre’ lao Suruga, na maelo engka paimeng ri lino.","kristen, yesus, gereja"
4285,"Sibawa iya' ma'janci sibawa sungguh-sunggu untuk perhatikan, sibawa berdoa memohon bare' Pikiran iya to engka ki laleng Kristus Yesus yaro monro ki laleng idi', untuk nalakukan lao tau laing aga iya melo' bare' alena najama lao idi'; sibawa untuk bertindak penno kasih, adil, nennia murni.",yesus
38045,Okina pura ipake untu' mewai iyyagi tau Yahudi naiyta umat Kristiani. … makeda mappamula wettu iyyaro akewange na peperangan na asilolongeng-meja iyya magatti si-sulle na de' pettu-pettu cumpa ku kota iyyaro na ku yemaneng Yudea lettu pacapurengna ikepungi ku Vespasianus moloi.,kristiani
14611,"Onrong iyae, monroi ri tange mattama sempit salo' kuniro Salo' Marne mengitari tanah berbatu, riwerengi aseng purana parit oppidum Celtic sibawa kemudian castrum Romawi; situs iyae riiseng laleng catatan pertengahan sebagai Castrum Bagaudarum, ri wettu yero Bagaudae mebbu reputasi sebagai penjaga umat Kristen pole siksaan Romawi.",kristen
115567,"Nappa Yesus no' pole yaro bukit e massama-samangi sibawa yaro rasul-rasul e, nappa pajai na tettong ri seddi onrong yaro malappa'e. Akkero mai engka to maega loppo paccoe'-paccoe'-Na yaro lainge na maega tau yaro engka lettu pole tega-tega ri yamaneng Yudea, Yerusalem, na kota-kota Tirus na Sidon yaro ri wiring tasi'",yesus
102163,"Negara Gereja sicara resmi naccang ummat Yahudi nafajjama pelayang yero magama Kristen, tafi keluarga-keluarga Yahudi yero taat magama manganggap keberadaan pelayang-pelayang tania Yahudi ri bola tae liwe penting, nasaba pelayang-pelayang yero de taikat fole syariat agama Yahudi nappa wedding tette najamai jamang-jamang bola tangga tabbulu ummat Yahudi matunaikan kewajibang maistirahat akki esso Sabat.","kristen, gereja"
114258,"Indo’na guru matematika ri sikolang bunge’. Tatas Brotosudarmo iyanaritu appo gattungna Siwur pole KGPAA Mangkunegara I mangeppu KPH Poerbonagoro sibawa to appi wareng pole KGPAA Mangkunegara IV mangeppu BRAy Tondokusumo. Tatas Brotosudarmo botting sibawa Dr. Leenawaty Limantara. Tatas Brotosudarmo iyanaritu tau panrita Kristen Indonesia iyaro macca redormed injil.  Tuli hadere, akku penginjilan sibawa seminar kekeristenan.","kristen, injil"
29871,"Mangulang-ulang nappa sibawa megana cara ero bapa suci na pa tette ma pekko ero maneng tau ee harusuk tuo taat lao okko Yesus Kristus sibawa setia mengabdi na ma pake ating ero murni sibawa ating nurani ero mekanja ee, laleng na status tuo aregaa agaga aro ga ma pekko cara tuo religius agagi ero na pile we.",yesus
114425,"Amerika Serikat dessa necce lalengna proses mappile yewe. AS, dessa femeng nitai perang akki Asia Tenggara sebagai rufanna perang salib nalawang si majassifa', sibawa dessana femeng najampangi sitongengna wettu yolo yero fekkogi yero nelori rakyat akkewe. Irita fole nafaue yero pemimpin akki Washington, yero mencaji masala fassaleng bawang atepperengna sekutu-sekutu AS lao jangci sibawa komitmen negeri yero.",salib
118792,"Jaji alena nasuroni pengiku'-pengiku' na alena akku Yesus sibawa siarega anggota golongan Herodes. Tau-tau e ro napau akku Yesus, Pa' Guru, idi' misseng i makkeda Bapa' jujuru'. Bapa' tapagguru de' ta' belle aga naeloki Allah untu' tau e, na de' tajampangi pendapa' na tau e. Nasaba' Bapa' de' ta ita i niga tau",yesus
109831,"Keyakinan Katolik Roma maelo pemurnian rilaleng atuwongeng purana amatengeng pole yede linoe didasarkan ri praktik berdoa untuk' arwah, iya napuada rilaleng aga iya napuada Gereja Katolik Roma mancaji bageang pole Kitab Suci, nenniya diterapkan pole umma' Kristen sipungenna pammulanna, seddi praktik iya mengandaikan makkada arwah passabarengna itulungi rilaleng fase yelle'na amatengeng jasmani nenniya mattama'na pada alena lao rilaleng cappa' onrongna pada alena.","kristen, gereja"
117697,"Sile'ttunna ri be'nere liang lahat, prosesi pemakaman ripammulai nasibawai mabbaca riwayat hidup siba mabbbage penghargaan iye riterima Ani Yudhoyono. Selanjutna, Jokowi nallippe'ssang kepergian benena untuk rimakamkan ri yawa naunge'ng bendera Ce'lla Pute. Iya Presiden Republik Indonesia yase ase'ng negara, bangsa, siba TNI, nasibawai ewe mempersembahkan okko persada indo pertiwi jiwa, raga, siba jasa-jasa almarhumah Hj Kristiani Herawati Yudhoyono, kata Jokowi.",kristiani
26859,"Idi' sippada batu-batu iya tuoe. Nasaba' iyaro melo'na idi' melo' ipake untu' bangung Bolana Allah iya rohani. Narimakkuanna naro idi' mancaji imang-imang, iya tuo khusus untu' Allah, na lalo Yesus Kristus persembahkan i akku Allaah, karoba rohani iya natarima akku atinna Allah",yesus
47670,"Palebbangna Lisinius riaseng'i pappasilennereng pole riseddie pusa' assiewangeng politi' Yunani-pabbicarae nenniyya Pagan ri Timurung, sibaawa Roma-pabbicarae Latin nenniyya Kristiani, nenniyya ripassu'i majeppu seddi ibukotana Timurung iyya baru'e waji'i mancaji pappasilennereng integrasi Timurung ri lalenna Kekaisaran Romawi yamanenna, mancaaji pusa' aggurung, asugireng, nenniyya pelestariang ade'e ri yamanenna Kekaisaran Romawi Timurung.",kristiani
43596,"Imajinasi Katolik'e mattarakkangngi modele'na ade'e iyya biasangnge ri lalenna tau Katolik'e iyya dee'e naripassala pole pakkitanna Gereja Katolik Roma iyya makkedae Puangnge engkai ri lalenna sininna sewwa-sewwae nenniyya ri lalenna rupa tauwe, iyya riita rilalenna sistem sakramen'e iyya gau-gau'e nenniyya rupa tauwe mancaji assaleng nenniyya laleng pole ri pammasena ilahi'e.",gereja
24642,"Tongengna, menuru' Kepala Bagian Humas Pemkot Surabaya Febriadhitya Prajatara nassakkareng kegiatan yero iyanaritu kegiatan baptis. Kegiatan lalengna yero videoe iyanaritu kegiatan silaturahmi sibawa yero rohaniawan se-Surabaya. Jaji idi' pastikan makkeda lalengna acada yero Bu Wali Kota iyello doangi bara' tuli madising sibawa tuli Ilingdungiwi Puangalataala. Dessa gaga acara laingnge silaingna yero.",baptis
86803,"Pitangi lao okko iya siddi tau ero lalo okko Injil yaro pura na runtu na pemeng pole okko kemabukan lao okko laleng kesadaran diri, pole okko kemarahan nah kegusaran ko laleng kesabaran diri, pole okko ketamakan lao okko kemurahan hati, pole cemar mulut lao okko laleng baik wicara, pole okko ketidaksenonohan lao okko laleng kesahajaan.",injil
34667,"Atuongena atuonge relijius na pangkaukeng marilaleng pole Bernard pole Clairvaux na Fransiskus pole Asisi ku abad kasepulo dua na kasepulo tellu, masilong sibawa susangena maneng Salibis iyya lesu pole Tanah Suci, warengi atuonge devosi ku Carita Peddina Yesus Kristus. ^ Holweck, Frederick.",yesus
13842,"Mareppe makkeda seddie kerajaang Nestorian ye lenynye'e engka ri bagiang timur, iyare'gi makkeda asalamakeng Negara-negara Tentara Salib tergantung akku seddie aliansi sibawa seddie tau penguasa monarki Timur, yenaritu salah seddi alasang bare' siare'-are' duta loppo nennia misionaris Kristen ikiring lao Mongol.","kristen, salib"
12281,"Berikut kumparan mappasilolongeng. Shandy Aulia De'na namaitta iye, Shandy Aulia mappuada mabbka puasa sibawa keluarga maraja sang ayah, Kemas Yusuf Effendy. Mappada riissengngi, sipungenna Shandy umurunna tellu taung, tomatowanna massarang. Shandy pura toi sibawa indo'na, Elsye Dopong, sibawa menganut agama Kristen. Namakkuaniro ero, Tellu silessurenna makkunrai, Dian, Vivi, sibawa Putri, mancaji agama Islam pada-padanna ambo'na, Kemas.",kristen
27751,"Tata carana memuat ajakan untu' bertobat fole pastor, waktu doa hening yewe memungkinkan umat untu' mengakukan dosa-dosa mereka akki laleng hati, seddi bentuk pengakuan umum yewe diserukan sibawa fole yamaneng yewe hadir, sibawa pemakluman absolusi umum fole pastor yewe umumna isertai sibawa makibbu tanda salib.",salib
114424,"Purana iyaro Yesus napau akku tau-tau e, Narekko seddi tau pole idi' maneng mappunnai seddi ana' iarega sikaju lembu iya mabuang e akku bujung e ri esso Sabat, de' ga na alena magatti' getteng i messu' ana' e ro iarega lembu e ro esso e ro?",yesus
19079,"Kitab-kita ya i pasingewang, ya tama e laleng seddi kanon namung de' na engka laleng ya laing e, sesekale yaseng apokrifa Alkitab, seddi adana ya tulli-tulli i pake secara macikke untu podang kitab-kitab laleng kanon Ortodoks nenniya Katolik ya de' gaga laleng Teks Masoret Yahudi nenniya megana Alkitab Protestang modern.",alkitab
120676,"Maega pole Gereja-gereja iyyae de' natarima pikiri makeda engka seddi otoritas lainge ku seliwengna maneng paroki Kitab Suci iyya odding ku materu mului tau-tau Kristen lainge lalo otoritas ilahi iyya tongenge; purana Perjanjian Baru, makuro alena maneng paui, tange-tange pewahyuan pura itutu.","kristen, gereja"
73265,"Selleng pole Epafras. Alena pole to kalangeng ta. Alena hamba Kristus Yesus, iya tuli millau doang marajing untu' idi' maneng. Alena millau ladde' akku Allah bara' ateppekengta mancaji matedde' na idi' madewasa tongeng, bara' idi' sukku' tunru' akku elo'na Allah",yesus
14811,"Mega tau Kristen tama selleng untu' menghindari pajak jizyah yewe ikenakan akki mereka sebagai Dhimmi Konversi lo Selleng to membuka cakrawala baru untu' tau-tau Kristen asli, mengangkat posisi sosial mereka, menjamin kondisi kehidupan yewe lebih makessing, sibawa nafaloangi ruang lingkup kerja mereka akki jamang yewe lebih teknis terampil sibawa maju.",kristen
52512,"To Kristiani makkutopa ricepu nyawana hakna pallurui petisi lao kalangan istana, mancaji alena temmaka potensial lao risessa pangadele; to Kristiani makkuto mabbere warekkada ase pangkaukeng iya ripamaju mewai alena ri pangadele; sininna senator, ekues, dekurion, veteran sibawa tentara Kristiani tabbei pangkatna maneng; na tau-tau purai ripamaradeka ri laleng kekaisaran mancaji ata.",kristiani
108652,"Alena toh nerak umat Kristen ku Nagekeo kususna Nangaroro magguru tentang hal mapuasa fole umat Muslim ya wettude iyye lo laksanakan selana siuleng fenno. Iya wakkeleki umat Khatolik fole Nangaroro naucapkan selamat ku umat Muslim ya lo tama uleng puasa, uleng ya suci sibawa fenno berkah sibawa idi berusaha untu ciptakan suasana damai sibawa tenteram, nafau.",kristen
1526,"Gereja naitanna sebagai seddi kejahatan serius yaro mancaji saba' iman, rennu, na kasih laleng alena tau lainge mancaji lemma, terutama rekko yae hal e rijama lokka anak-anak ato kaum lolo na pelakuna yanaro pribadi pole pihak otoritas mappada tomatoa, guru, ato imam.",gereja
20401,"LWF iyyato mengaui tellu Akengauna Iman Ekumenis -- Akengauna Iman Nicea, Akengauna Iman Rasuli, na Akengauna Iman Athanasius na akengauna-akengauna iman Gereja Lutheran, utamangena Konfesi Augsburg iyya depa isullei, naiyya Katekismus Beccu Martin Luther mancaji papanessa iyya mapacinge pole Firman Allah.",gereja
26060,"Dokumen iyyae maparengerang na pateddei undang-undang iyya pura yebbu ku yemaneng paus yolona ku aliwenge-aliwengena iyyaro, na iyyato paluangi lettukengna ku yemaneng tau loppona gereja iyya nullewe, untu' selewi hukuman iyya sibawai, maccue ku lalengna alelunge agaga-agaga linoe sibawa mapake aseng tau-tau beasae.",gereja
41570,"Namui, ekspedisi Tamar akki kawasan Pontus to nulle dipicu fole eleronna untu' memanfaatkan kekacauan yewe naalami fole Romawi Timur akibat serangan Tentara Salib Keeppa' sibawa mendirikan sebuah negara yewe bersahabat sibawa Georgia akki perbatasan barat dayanya, sibawa to nulle iyanritu bentu' solidaritas kepada Wangsa Komnenoi yewe dena mofi berkuasa akki Konstantinopel.",salib
33215,"Naiyatteyangngi siningna bantuan'e lao ri kaluwargana; silessureng orowane'na tette'i mancadi juru marroki pos, anure kesayanganna tette'i mancaji pendeta kampongnge, nennia tellu silessurenna makkunrai de'pa nakawin'e tuwosi ri laleng akasiasingenna tau kasiasi'e ri Roma, sibawa cara iya'e pada-padanna tau laingnge pole ri latar belakang iya pada-padanna mariyawa'e.",pendeta
55427,"Wettunna esso Sabat Alena mappammula mappagguru ri bola massompa. Engka maega tau akkuro. Wettunna tau-tau e ro mengkalinga appaggurungna Yesus, alena heran ladde'. Alena napau, Tegi pole iyahe tau e we naruntu' maneng i iyahe? Kebijaksanaan aga iyahe engkae akku ale-Na? Maraga carana alena runtu' keajaiban",yesus
18271,"Pada alena lebbi maega naitai asalamakengnge rilaleng konteks pengilahian iyarega theosis, seddi akkatta untu mancaji mapaccing iyyarega macawe lao ri Allah lalo asseddingeng sibawa Alena ri laleng akkatta nenniya pangkaukeng sebagai pattamba limanna Allah ri linoe, seddi konsep tradisional iya riappagguruang ri Gereja Ortodoks Timur, Gereja Ortodoks Oriental, nenniya Gereja Katolik Timur.",gereja
51965,"Cajiwi siddi rabi terlatih laleng Yudaisme Reformasi, sibawa siddi jemaat biccu' sekuler non-teistik ki Michigan, Wine mappalebba' liturgi Yahudi eroe mappacamming pakkitang filsafatnya sibawa jemaatnya sibawa mattenre' ri budaya, sejarah, sibawa identitas Yahudi sibawai sibawa etika humanistik, tapi' de'gaga yamanenna pangerelluang sibawa rujukan lo Allah.",jemaat
17789,"Lalengna Gereja Perdana, yemaneng pajama peribadatan naiyyato yemaneng uluna jemaat, padae sidang jemaat iyya alena maneng matoroi, mapake waju beasa iyya beasa napake tauwe esso-esso ku negeri-negeri iyya ipacuei ku kebudayaan Yunani-Romawi, nemung alena maneng yellorengi mapake waju iyya mapacing na de' namarota ku esso-esso suci.","gereja, jemaat"
97142,"Iyya pade' malanre keadaana iyyanaritu tabukkana tongenge makeda Gereja missengi siare' pole imam-imam papegauna makarawa iyyaro, na ku pamulangna jampangi alena maneng sibawa cara mabelle missengi ejjae iyya alena maneng pegaui na palette jamangi alena maneng pole seddi jemaat jokka jemaat lainge naiyya baliwi maneng.","gereja, jemaat"
22783,"Nasabari iyya mancadi liwa lumpuh na dena naulle mabbisyara, iyya naulle mappasseddi ala silong maega tau lumpuh na tau fefe laleng Injil, bersyukur ase perawatan iyae fenno pappoji na cakap iyae iyya tarima serta ase harapan elo atuwong kekal ri laleng Kristus.",injil
92565,"Obligasi perang yarega War bond iyyanaritu seddi obligasi iyya ipaengka ku seddi negara untu' mpajai perang Siare' perusahaan, bank, pemerintah na lembaga makuasa lainge odding napaengka obligasi laleng denominasi mata uang valuta asing lainge iyya yita lebbi tennang naiyya mata uang domestikna.",denominasi
74857,"Riyolo ajajingeng ana’ worowanena, na purana arreddukeng emansipasi Yahudi ri Rhineland, Herschel lette’ agama pole Yudaisme untu’ maggabung sibawa agama negara Gereja Injili’ Prusia, massule aseng yolo pole Herschel iyya assalenna pole basa Yiddish mancaji Heinrich iyya assalenna pole basa Jerman.","injili, gereja"
13205,"Siruntukeng ku onrong KH Zainal Abidi berlangsung kurang lebbi si jam. Silaturahi yahe untu lebbi fstedde hubungan antar rufa tau sibawa pemeluk aagama, naseng Profesor Zainal Abidin. Profesor Zainal nafau, hadere para tokoh sibawa pimpinan gereja yaro, nafatanrang anpe keterbukaan untu mabangun hubungan kekerabatan, silaturahmi antara tokoh agama laloi momen Idul Fitri.",gereja
7078,"Seniman muslim assaleng Kebumen, Jjawa Tengah, eddy Ruswanto, narancang na makkibua kolase Bunda Maria paling maloppo ri dunia iya takkibua pole maddatu sebbu lampa majalah na koran isekna berita passaleng kekerasan rumah tangga. Kolase Bunda Maria Guadalupe iyaro itaro na ipamerkan ri Museum Mahanandi Jalan Raya Jemursari, Surabaya, selama uleng Desember sebagai bentuk akkuragana nasuarakan keberpihakan gereja okko makunrai na anak-anak.",gereja
96868,"Unur pura melo tulunge pole Saifuddin Ghazi I pole Mosul na Nuruddin Zengi pole Aleppo, na iyya cilalena mului seddi akewange ku kamp tentara salib; Tentara Salib ipatasoroi pole tembo' ku dare' bua-buae, ku tegi alena maneng magampangi nakenna akewange ikepungi na gerilya.",salib
55752,"Nah, yaro kejadiange iyanaritu kiasan pole baptisan yaro makkokkoe alena maneng salamakangi iko maneng. Yae baptisange taniani seddi upacara mappacakka batang kale pole yamaneng yaro rota'-rota', melainkan iyanaritu jancimu lokka Allah ta'ala pole ati nurani yaro mello. Yaro baptisange nasalamakangi iko maneng nasaba' Yesus Kristus pura tuo paineng pole amatengeng",yesus
47867,"Okko Amerika Serikat, seruan-seruan barak bok-bok yaro lae acciang okko assikolang-assikolang maderri nabawa lao okko tantangan-tantangan hukum yaro lae alang publisitas luas, biasana madalilkan makkada sihir iyanaro agama yaro lae isseng pemerintah sibawa makkada tindakan laeizinkan bok-bok yaro lae ponro ko assikolang-assikolang publik nalanggar pemisahan pole ko gereja sibawa negara.",gereja
30234,"Evangelical Dictionary of Theology nabettuang i peran utama na Petrus di antara rasul-rasul e, mabbicara i materi-materi iya na sorong i iyamaneng, riteppu i pole Yesus sibawa aseng iya na hubungangi iyamaneng sibawa batu na Yesus patettong i gereja-Na, pakkampina ana'-ana' gurunna Yesus sibawa nalai peran utama ri gereja pammulanna riteppu i ri laleng Kisah Para Rasul.","yesus, gereja"
104466,"Ri era iyae tarompo silong teppuang Penyimpangan Loppo, manakala Abad Pencerahan na Revolusi Ilmiah ri Lino Barat menimbulkan perubahan-perubahan loppo ri bidang kemasyarakatan, agama Kristen difangngolo ri siaga macam bentuk skeptisisme na ideologi-ideologi politik modern tertentu mappada sosialisme na liberalisme.",kristen
101432,"Dengan mempertimbangkan refleksi atas kemurahan ati idi cidditta ero lembut na adat istiadat ero abadi, yaro melaluinya idi tabbulu biasa untu' malengngi kemurahan ati bagi iyamaneng tau, idi pura pettui untu' peloangi pappojiang ta selekas-lekasnya okkoe tau-tau iye aga, sampenna tau-tau Kristiani nulle ladde si patojoi onroang-onroang siruntu alena maneng sendiri, selama alena maneng de'na bertindak sibawa sala seddi cara ero de'na beraturang.",kristiani
11843,"ku wettu mabarue, pura engka rupangna pangkaukeng untu' 'papajai' tabagenge iyya kajajiang; bangsana sibawa adana ku iyyaro Kristologis iyya yebbu ku Paus Yohanes Paulus II na Patriark Ignatius Zakka I Iwas, sirupa sibawa iyya napegau iyyaro wakele-wakelena Gereja Ortodoks Alau' na Gereja Ortodoks Oriental.",gereja
61892,"Ku wettuna iyyaro, Henry Crawford iyya sugie, magello gayana na linoe naiyya silesureng makunraina, Mary Crawford, engk ku bolana pendeta untu' monro sibawa Mrs. Grant, deng enya tongena alena maneng, purana sitaung ku Antigua, Sir Thomas nasuro Tom lessu cinampe paterui jamangna alena.",pendeta
106263,"Engka mega klerus, fadae Gereja akki umumna, secara keseluruhan nanikmati gaya tuo mewah yero liwe kontras sibawa kondisi sebagiang loppo penduduk yero monro; ki tega kemewahan yehe ribiayai fole pajak-pajak gereja yero matanre na abbalukeng indulgensi yero berlimpah.mega pendeta mapendidikan buruk, na doktrin-doktrin spiritual Gereja maderi riabaikan.","gereja, pendeta"
53178,@LusiHQ @RizmaWidiono Untu' iya umma Katholik perellu mallaporo Anies Baswedan sibawa Sandiaga Uno nasaba' purani nasolangi kesakralan Missa Kudus sibawa ero pelecehan lao Missa kudus umma Katholik. Alena maneng sitongenna perellu millau pertimbangan tentang ibadah okko gereja Katedral nappa tania serobot bawang.,gereja
85751,"Laputa riteppu akki Kolonel Muska berdasarkan informasinya engkae riruntu pole legenda na kisah laleng Alkitab na attappereng Hindu, engkae jelloreng engkana keterkaitan antara dunia onrong Laputa sibawa Bumi, begitupun sibawa arstiktur benteng abad pattengngah, bangunan gaya Goth ri desa ri sideppe' benteng, aritektur kota tambang sibawa gaya Wales, pakaian, na kendaraan ri onrong aslah Pazu engka ripompo laleng film.",alkitab
2463,"Taleppesang pole indikasi laleng hukum kanon narekko ekskomunikasi otomatis dena berlaku okko makkunrai ero pigau aborsi nasaba rasa mitau ero maladde yarega nasaba masussa tane, Gereja Katolik, okko siliweng pabedang ero, najamin kemungkinanna pengampunan untu' sininna makkunrai ero purae pigau aborsi.",gereja
127850,"Nasaba alasang yewe jaji ipigaui penyimpanan elemen-elemen ye purae dikonsekrasi, biasanna laleng sedie tabernakel gereja, untu' pabbere Komuni Kudus lao tau malasae nennia nahadapi ajjaleng, nennia to untu' tujuang sekunder, namuni nulle opi iyanjurkan ladde, yenaritu napuja Kristus ye engkae laleng Ekaristi.",gereja
15059,"Esso Raya Santo Petrus na Paulus, yarega Acara Santo Petrus na Paulus, iyyanaritu seddi esso raya yarega acara liturgi untu' cuku ku kemartiran yemaneng rasul Santo Petrus na Santo Paulus ri Roma, iyya utamana ipegau ku Gereja Katolik Roma na Gereja-Gereja Alau' laleng ade' Bizantium.",gereja
16655,"Maladde upaya saling masserang na saling bela keddi mancaji gejala laleng masyarakat Indonesia. Habib Rizieq Syihab ero yang dihenni napimping demo aksi bela Islam, cappu nasaba nabela Al Quran furanna diduga dihinakan pole Ahok. Kin sisumbe elo rifigau aksi bela Yesus, absus furanna ero diaseng mappigau nakkeddai kepada dogma ajaran Kristen okko Desember labe.","kristen, yesus"
38404,"Maega tema iyya yakka lalengna puisi iyyae, banna iyya pong parellu iyyanaritu apojingena paladin Orlando ku putri pagan Angelica iyya de' ibali, makkuanaro nebbui Orlando jangeng; apojinge padana prajurit Kristen makunrai Bradamante sibawa seddi Saracen iyya asengna Ruggiero; naiyya perang ku Kristen mewa non-kristen.",kristen
61046,"Laleng magguru tentang mapuasa ku Muslim, Wilem naera umat Kristen untu mitai tellu nilai penting laleng mapuasa.Ya bunge, puasa penting untu tuo magello sibawa sehat untu raga, maiga mello duang wettu mapuasa nasaba Fuang ya tentukang tuo idi sibawa tinnya idi alale, serta makebbu gello kususna mabbere sedekah jokka ku tau ya menderita, nafau.",kristen
67542,"Sibawa yangerangi matengena Kristus ku idi' maneng, idi' maneng odding punnai pikiri na papahange iyya malanre na mapacing, nasaba wettuta maneng pajanengi maraga solina iyya nawaja Yesus untu' mpajaiki manneg. Iyyanaro wettu iyya magello untu' mitai keadaana atie na asilongeta maneng sibawa padata.",yesus
14327,"Tujuanna yanaro untuk buktikangi apagah iko maneng mattongeng-tongene mateppe lokka Puang ato de'. Ulaweng yaro mulle masolang to, riuji sibawa api. Nah, iman iko maneng yanaro lebbi berharga pole ulaweng, jaji parellu riuji to supaya mancaji teguh. Dan sibawa makkero iko maneng elo' ripoji na rihormati sibawa ripatanre akko essona Yesus Kristus engka lettu paineng",yesus
56919,"Engka tau mateppe' makkedae ri rekening  Alkitab, attunruenna Yesus dek na langsung punna metta laona untu ammateang, naiyaro tau laingnge mappuada majeppu makkadae Allah mabbere rupanna tau laingnge iyarega tau laingnge nasellei Yesus na tau makkarobangengnge mappikkiri iyaro tau makkarobangengnge iyanaritu Yesus, nassabari sininna tau mateppe'e iyyaro Yesus iyanairu risalib'e.","yesus, alkitab"
112771,Gereja Katolik Roma secara khusus na palettukeng kritikan na lao okko tudingan ma kad aero pelleng nge engka ni okko luarak konteks na pakkecubbuang na laleng na dua sebbu taung masalah Piala Suci ero sebenar na sibawa konsep ma kada Yesus Kristus sibawa Maria Magdalena botting nappa na punnai siddi anak ma kunrai.,"yesus, gereja"
56088,"Menuru’ Gereja, tindakang seksual iyyanaritu mapaccing ri laleng relasi lakkai-baine iyya nacermingkang seddi anugera timbal-bale’ sipongeng tuo na lengka’ antara seddi burane na seddi makkunrai, seddi passaleng iyya halangiwi poligami na pergundikang jaji mancaji umung laleng budaya-budaya riyolo hadere’na Kekristenang.",gereja
31753,"Engka sarjana Alkitab mappedarang makkada catatan iyaro iyanaritu  bagian pole politik iya mattulili, iya purae ritujunna untu massimangngi ateddekenge iya ri pugau pole suku Yehuda lao ri suku Benyamin, nulle wettu zaman Arung Daud mancaji pangkaukeng pammalessu iyaregga dengki pole Daud lao ri ana buah Arung Saul, sibawa mapeleng curita mennang ri wettu riolo, nenniya ritambai untu lebbi mappannessa alasang pole ri pangkaukeng mennang.",alkitab
88015,"Nasionalisme Suriah natentang iyemaneng rupanna klaim bangsa Arab riyase negeri Syam, sibawa lebbih nautamakan kebangsaan Suriah yewe mencakup yamaneng golongan; iyye tona, nasionalisme Suriah secara umum iyanaritu suatu gerakan sekuler yewe mateppe makeda tau warga negeri Syam bebas nakeddau agama agi-agi yewe engka akki negeri yero, iyero agama Islam Sunni iyarega Syiah, agama Kristen iyarega agama Yahudi.",kristen
45646,"Frederick II, Kaisar Romawi Suci, purai maccurita-curita rilaleng Perang Salib Kelima, nasuroi tentara pole Jerman, naekiya de'na naccue'i tentara'e secara langsung, namuni engka dorongang pole Paus Honorius III na nainappa Paus Gregorius IX, nasaba parellui nakonsolidasikan posisina ri Jerman sibawa Italia riolona maccurita-curita.",salib
24762,"Iyyae pong Isai modereng mawwuju’ seddi poster iyyare’ga pong tongettongeng iyya ipasang ri gereja iyyare’ga ri bolae, na silampe wettu Adven ibeloi sibawa lambang-lambang mattentu sebagai wakkele’ rangkaiang kissa-kissa iyya cappue sibawa kissa ajajingenna Yesus, untu’ kepentingang pendidikang agama anana’e.","yesus, gereja"
116939,"Sekretaris Latin Abaqa Rychaldus nafalettu laporan akki Konsili yewe menguraikan hubungan bangsa Eropa-Ilkhanid defana akki iyawa ayah Abaqa, Hulagu, menegaskan makeda furana Hulagu menyambut duta besar Kristen akki istananya, alena setuju untu' membebaskan tau-tau Kristen Latin fole pajak sibawa tuduhan, sebagai imbalan atas doa mereka untu' Khan.",kristen
27565,"Baik Gereja Katolik Roma nennia Gereja Ortodoks Timur naakui pitu Konsili ri taung-taung pammulang Gereja, nennia Gereja Katolik to naakui seppulo eppa konsili iya lihimpunkan ri taung-taung purana sibawa Paus, iya otoritasna litolak siabwa Gereja Ortodoks Timur apa'na alena naanggap Roma wettu yede engka ki laleng skisma.",gereja
76123,"Akki Indonesia babi panggang umum iteppu babi guling, masakan babi panggang atau bakar jarang iruntu secara umum nasaba Indonesia iyanaritu negara mayoritas muslim, kecuali laleng provinsi mayoritas non-muslim, fadai Hindu Bali sibawa tanah Batak Kristen akki Sumatera Utara, tau Minahasa akki Sulawesi Utara, Toraja akki Sulawesi Selatan, Papua, tau Dayak akki Kalimantan sibawa to akki antara tau Tionghoa Indonesia.",kristen
49066,"Wettunna Yesus engka ri Betania, ri bola Simon yaro riolo nakenna lasa uli' yaro bahayae, seddi makkunrai engka lettu lokka ale-Na. Alena mattiwi' seddi botolo' pualam lise'na minynya minynya yaro masoli', riebbu pole ure' mabau'. Wettunna Yesus tudang manre, yaro makkunraie nareppa'i yaro botolo'e na natuppa'i yaro minynya minynya'e lokka ri ase' ulunna Yesus",yesus
46142,"Idi' taisseng makkeda Allah purani napile Yesus tau Nazaret e ro nabbereang akku-Alena Roh Allah na kuasa. Idi' taisseng to makkeda Yesus jokka akku tegi-tegi untu' pigau' deceng; Alena napapaja siningna tau iya nakuasai e ibellisi', nasaba' Allah sibawai Alena",yesus
74218,"Laleng seni rupa, Hieronimus malessi ditampilkan sebage sala seddi fole eppa Gereja Latin, massama-samang silong  Agustinus fole Hipo, Ambrosius, na Paus Gregorius I. Sebage rohaniwan iyae terkemuka fole Gereja Roma, alena malessi secara anakronistis digambarkan laleng busana khas kardinal.",gereja
94750,"Pendukung-pendukung konsep mortalitas jiwa, sibawa penghakiman umum, fadai kalangan Kristen Advent, Saksi-Saksi Yehuwa, Kristadelfian, dan Universalis Kristen, berpendapat makeda cerita mengenai tau sogi sibawa Lazarus iyanaritu suatu perumpamaan yewe menggunakan kerangka pandangan Yahudi akan Pangkuan Abraham, bermakna metaforis sibawa tennia aggurungeng definif mengenai keadaan antara nasaba beberapa alasan.",kristen
80266,"Laleng Talmud, siare'-are' komentator nagugat makkeda Pinehas de'na bermasalah lao kejahatan ye ituduhkan lao riyalena, nennia hanya Hofni ye napigaui, namuni Jonathan ben Uzziel mawwarekkadai makkeda de' seddipun pole keduana yero meja' sipa', nennia bagiang Alkitab yewe, yero naalihkang kesalahan lao rialena, seharusna itafsirkan mancaji kiasan.",alkitab
42590,"Namui degaga seddi salinan pun fole Q yewe fura iruntu, kenyataanna makeda Tomas iyanaritu sebuah Injil yewe lisenna ucapan-ucapan Yesus, fole sesanna tau ipahangi mancaji petunjuk makeda tau Kristen perdana memang maroki kumpulan fole ucapan-ucapan Yesus, sibawa iyyena demikian alenamaneng narasani makeda Injil Tomas makkibbu teori Q fine wedding itepperi.","kristen, yesus, injil"
2050,"John Polkinghorne, seddi imang Anglikan sibawa fisikawan to, laleng bo'na iya judulna Questions of Truth, nabahas hal-ihwal hubunganna antara agama sibawa ilmu paddissengeng, ianaritu poko' bahasanna iya to pura nadalami akku ahli-ahli apologetika Kristen lainna sippada Ravi Zaharias, John Lennox, sibawa William Lane Craig.",kristen
40624,"Tanpa mancaji dogmatis loppo bangsana Calvin, to de'na jenius kreatif laleng lino keagamaang, Beza mappunnai kualitas-kualitas ye naibbuai terkenal mancaji humanis, penafsir Alkitab, orator, nennia pemimping laleng urusang agama nennia politi', sibawa berkompeteng mancaji pemandu kaum Calvinis ri yemaneng Eropa.",alkitab
124796,"Sebagian loppo penduduk Kristen ri Konstantinopel umpa mattolak persekutuan silong fangngala kekuasaan, na matterru mangngadakan kebaktian agama alena, lebbi maega iyae dihadereri darifada gereja-gereja, ri udara tabbukka ri hirinna kota, angkenna aseng Krisostomus mala ondrong ri register na laleng doa-doa fole gereja Konstantinopel.","kristen, gereja"
77015,"Kardinal uskup'e iyanaritu pangkat kaminang matanre, yanaritu uskup-uskup keuskupan suburbikaria kuno'e, imang-ngimang'e engka ri rangkang ya maloppo'e, yanaritu kepala tituler na gereja'e iyya berpengaruh'e ri Roma, rangkang ya paccappurengnge iyanaritu kardinal-deakon, iyya secara nominal'e riputtama'i ri sala sewwana diakonia kuno'e yanaritu secara tradisional dekon'e naperhatikang'i properti temporalna Gereja Roma.",gereja
22507,"iya' tona mitai jiwa-jiwa yamaneng, iyae purae ripenggal ulunna nasaba kesaksian tentang Yesus sibawa nasaba firman Allah; iyae tde'na menyembah olo' kolo e iyae sibawa patungna sibawa iyae de' tona naterimai tandana okko linrona sibawa limangna yamanengro; sibawa yamanengro tuo pemeng sibawa memerintah sebagai raja bersama-sama sibawa Kristus untuk' masa sisebbu taung.",yesus
72268,"hai pakkanre bawi nappa arope-arope roti, aceh ero khusus.. dega mu pahang tentang ero.. perellu ga ero aceh macciori budaya bawi mu nappa mario ko.. ajana mega bacot, iko laginna kristen, maga meloko campuruki masalah aceh ero napakewe aturan selleng.. beleng",kristen
58622,"Manurut seddi teolog Kristen, Gordon J. Wenham, akkatta hukum kosher iyanaritu untu mabbantu tau-tau Yahudi napertahankan engkana iyya silaingeng nenniya massarang pole bangsa lainge; alena makkedai iyaro hukum mabbawai pengaruh untu mappeddarang'i sosialisasi sibawa abbotingan sigaruwi sibawa tau dek-Yahudi, iyyae untu mencegah ateddekenna identitas Yahudi.",kristen
125225,"Simatupang mappau makkada, kalo egana umma' Kristen menre' mencaji dua ato tellu lipa', cajiwi egana pelayan umma' mestinna to menre' mencaji dua ato tellu lipa, aggunanna to umma' awam harus dimaksimalkan, sibawa pelayanan agama Kristen lo masyarakat maloange lalo sikola-sikola, rumah-rumah sakit, sibawa panti-panti asuhan, harus ipamegai.",kristen
42293,"Het Rijke Roomse Leven peccu sebagai assele' sorongan emansipasi penduduk Katolik yaro makurang beruntung na ridukungi sibawa pilar Katolik Roma, yaro ripangngolo sibawa yamaneng ulama na tania bawang naliputi gereja, tapi' to sikola-sikola Katolik Roma na rumah sakit yaro riurusu'e sibawa biarawati.",gereja
15272,"Iyae napak tilas rijelloreng lao to Kristen iya massappae rute ziarah napaulle lao pengalaman lebbi mariale pole Galilea sibawa situs pole atuongenna Yesus, naekkiya masseddi sibawa situs-situs bersejarah pole era mallaisengnge, situs-situs suci pole agama-agama laingnge, situs alam, panorama mempesona sibawa hiking lao pada alena iya massappae tantangan fisik.","kristen, yesus"
34559,"Naseng teori iyyae, Gihon laleng Alkitab padai onrongna sibawa Karun ku Iran, na Salo Pison padai onrongna sibawa jaringan salo Wadi Batin iyya pura isolori uwwai banna makukuae marakko, banna seddi wettu riolo iyyanaritu bagenge parellu pole Semenanjung Arab iyya yasengi makessing.",alkitab
99467,Akki Pakistan calalena beberapa ronta' kejadiang lalengna hubungenna sibawa aliran yero. Fammulangna fole sala-sedddi rekomendasi Konperensi Organisasi-Organisasi Selleng Seddi-Lino akki Mekah -- yero nafaui Ahmadiyah Qadiani sebagai jemaat yero engka akki saliweng agama Selleng kelompok mayoritas akki Pakistan natuntu' lao Presiden. PM Ali Bhuto bara' untu' jabatan famarenta sibawa militer porsi kaum Qadiani ifasippada sibawa statusna alena.,jemaat
24000,"Sarjana David E. Aune berargumen makkedda kitab-kitab Injil dipolakan mappada biografi-biografi klasik Yunani-Romawi, na gunanna istilah apomnemoneumata oleh Yustin maccakup iya maneng kitab-kitab Injil naulle difahang sebagai rujukang lao ri biografi tarrukki mappada Memorabilia Xenophon afa kitab-kitab aro melestarikan ajarang aslinna Yesus.","yesus, injil"
127215,"Untu' siaganna tau Kristen, nubuat iye ritepperi pura rigenapi sibawa ahaderekengna Yesus Kristus pole Nazaret na pengajaran-Nya ri Bait Suci engkae ripugar akki raja Herodes na damai engkae rianugerahkan Allah untu' sininna umat manusia sibawa ta'bagena tirai engkae mabatasi Ruang Mahakudus ri wettu matena Kristus.","kristen, yesus"
74881,"Dua bait parellu de' nengka lipake, yare'ga kurang pole sitengga bait iya liyala. ^ Alessia Fassina nanyatakan makkeda garrula anus iya liteppu sibawa Hieronimus sitongenna yanaritu Melania si Toa, sibawa Sigrid Schottenius Cullhed berpendapat makkeda Hieronimun se' napedang tentang tau tegapun, nennia lebbi lao gaya tau iya de' sejalan sibawa kotbah Injil.",injil
13392,"Untu nattanggapi skandal iya merebak, Gereja Katolik pura napattette prosedur-prosedur resmi untu mencegah kedo pelecehang, untu mengimbau masyarakat supaya melaporo kedo-kedo pelecehan iya pura kajadiang, laleng untu manangani laporang-laporang tersebut laleng segera, namuni efektifitas pole prosedur-prosedur e ipermasalahkang pole kelompok-kelompok iya mawakkeleki para korbang pelecehan.",gereja
16872,"Angkalingai perumpamaan yaro seddie paineng, ada Yesus. Seddi tau puang tanah natanengi sielle' dare' anggur. Alena mappasang sappo ri sekelilingna, na makkae' kalibbong untuk pakkakkasa' papperra anggur, nappa mappatettong menara jaga. Purana yaro nasewakan yaro dare' anggur e lokka paddare'-paddare', nappa mangnguju lokka negeri laing",yesus
73065,"Tolkien Way ku Stoke-On-Trent iwarengi aseng pada sibawa aseng ana' urane J.R.R. Pastor John Francis Tolkien, iyya pura mancaji imam iyya majama ku Gereja Katolik Roma iyya de' namabela pole kuro yanaritu Our Lady of the Angels na St. Peter in Chains.",gereja
12962,"Untuk alasan-alasan yede nennia Wewenang Mengajar Gereja de' naceri makkeda, sesuai sibawa kondisi makukkue laleng paddissengeng-paddissengeng rupa tau sibawa teologu sakral, penelitian sibawa pembahasan-pembahasan sibawa tau-tau iya berpengalaman laleng kedua bidang yaro lijama laleng kaitanna sibawa ajaran lao evolusi, sipungenna naselidiki lao laleng asal-usul alena tauwwe pole pra-eksistensina sibawa materi tuo.",gereja
2751,"Mate nennia kebangkitanna Yesus lazimna iyanggap mancaji peristiwa-peristiwa terpenting laleng teologi Kristen, salah seddi passabarenna yenaritu nasaba' peristiwa-peristiwa yewe menunjukkang makkeda Yesus makkuasa yase' tuo nennia matena, nennia akku nasaba' yero berwenang nennia makkuasa untu' naanugerahkang tuo kekal'e lao umma' manusia.","kristen, yesus"
25730,"Umat Kristiani, menurut para pemikir aro, seharusna massalai abiasang iyae bergantung ri para narasumber Yahudi na mappigauri arrekengang sendiri untu mappattentu huleng aga iyae diteppu Nisan, menetapkan Paskah sesuai perhitungan independen eddi, Nisan Kristiani, iyae elo malessi menempatkan perayaan aro furanna ekuinoks.",kristiani
66184,"Sedangkan paket yero lebbi maju jokka akki komputer pribadi na funnai mabela lebbi mega fitur, natampilkan lebbi mega rufanna sumber teologis, na nulle natawarkan fitur-fitur fadai sinopsis na harmoni fole naratif Injil, morfologi na pasappareng sintaksis fole teks asli, diagram kalimat, catatan pappake, penyorotan manual na dinamis, tampilan leksionari, nappa laingna.",injil
16102,"Alena menjabat caji siddi pendeta ki stasiun-stasiun eroe mattama'to Kollupitiya, Wellawatte, Kandy, Badulla, Galle, Kalahe, Mutwal sibawa Seeduwa; alena melayani siwettu dua tang ki Kollupitiya dan Wellawatte, siddi sitenga taung ki Kandy, dua taung ki Kalahe, tellu taung ki Mutuwal, sibawa tellu sitenga taung du Seeduwa.",pendeta
120241,"Laleng gereja beccu engka rupangna fresko ebbuna seniman-seniman Abad Patengang Pacapureng, yanaritu Cimabue na Giotto; laleng gereja loppo engka fresko-fresko carita atuongena St Fransiskus iyya pamulangna yasengi mancaji ebbuna Giotto, banna makukuae yasengi mancaji ebbuna seniman-seniman laleng kalompo' Pietro Cavallini pole Roma.",gereja
20126,"Posisi minoritas diwakili fole edisi The Greek New Testament According to the Majority Text oleh Zane C. Hodges dan Arthur L. Farstad yewe berpendapat makeda jenis teks Bizantin iyanaritu jenis teks yewe lebih fammulang dibandingkan sibawa teks Aleksandria, nasaba fura engka laleng tulisan para Bapa Gereja defana mompona teks Alexandria.",gereja
115167,"Katekismus Pius X yenaritu perwujudanna katekisme sederhana, sederhana, cina', populer untu' appakengeng seragam ri seluruh lino; yero ipake ri provinsi gerejawi Roma nennia selama siare'-are' taung ri bagiang laing Italia; Tapi, yero de' naitentukang untu' ipake ri yemaneng gereja universal.",gereja
87199,"Menuru' Katekismus, akkibburukengna tau iya matewe na ianaritu seddi paggaukkang pammase iya harusu' e ipugau' akku alalena sibawa horma' na pammase jaji paratte'-paratte' sippada pamali' awu tau mate iya ikremasi sibawa akkibburukeng ri kibburu' de' e gaga tanrang na yacciang laleng Gereja Katolik.",gereja
6220,"Gereja iyyae napajokka jamang-jamang na lembaga-lembaga sosial ku iyya maneng linoe, matamana'to sikola-sikola, universitas-universitas, bola-bola tau sakit, misi-misi na abolangeng, naiyya kalompo'-kalompo' bangsana Catholic Relief Services, Caritas Internationalis na Catholic Charities iyya tulungi tau kasi asi, kaluarga-kaluarga, tau macuae, na tau malasae.",gereja
211,"Irman iyanaritu ana’ burane Minangkabau tomaanna Gusman Gaus sibawa Janimar Kamili. Ambo’ na pura menjaba’  mancaji Rektor Universitas Muhammadiyah Sumatera Barat, naikiya indo’ na iyanaritu ana’  pole pabbalu ulaweng iyaro mattujung. Irman na selesaikangngi asaikolangna sarjana akku Fakultas Ekonomi Universitas Kristen Indonesia, sibawa runtu’ patellareng Master of Business Administration pole Graduate School of Business, University of Bridgeport, Connecticut, Amerika Serikat.",kristen
127317,"Laleng Gereja Katolik, yamaneng tau yewe mate dunia laleng rahmat sibawa persahabatan sibawa Allah, namui mofi defa dimurnikan secara sempurna, memang terjamin keselamatan kekal mereka; tetapi matena mereka menjalani pemurnian, untu' mencapai kekudusan yewe yapparelluangi untu' mattamai kebahagiaan surga ataupun pemurnian akhir tau-tau yewe ipilih, yewe fada sekali berbeda sibawa hukuman bagi tau-tau yewe terkutuk.",gereja
114598,"Selama periode yaro mappadae Apokafkos to peccu, sibawai sibawa Dimitrios Chomatinos na Georgios Vardanis, sebagai sala seddi pendukung terkemuka Epirus kemerdekaan politik na gerejawi pole Kekaisaran Nicea, ri tega Patriark riasingkan Konstantinopel monroi purana iyaro kotae meddu lokka Tentara Salib.",salib
73352,"Ana' urane na ana' makunrai pole seddi hamba iyya itikkeng mennau iyya lari ku gereja, itiwi massu na ipabuta, rekko alena maneng umuru'na sepulo taung yarega kurang, melo ipaleppe; banna ku alena maneng lebbi macua pole sepulo taung alena maneng melo ipancaji budak na lenye yemaneng waramparanna maneng.",gereja
66715,"Nainappa Yesus nacciang tau e ro caritang hale' e ro akku nigi-nigi, Na-seng, Jokkani akku imang, na millau alena untu' pannessai idi' pajani. Nainappa jokkani persembahkan karoba sippada iya iparentangeng Musa, mancaji butti akku tau-tau makkeda idi' tongeng-tongeng pajani.",yesus
58269,"Alkitab purani naita riolo makkeda Allah napaullei tau-tau tania e Yahudi makanja' paimeng sibawa Allah, narekko alena mateppe' akku-Alena. KAreba makanja' e ro yappudang i yolo' akku Abraham ilaleng na jancie e he, Lalo akku idi', Allah nabarakkakiwi siningna umma' tau e ri lino e we.",alkitab
44996,"Alena maneng wedding pegau' abbottingeng sah, mappatettong akkebburukeng alena mato, lolongeng ising monro ku para imang asing, ipabebasa'i pole paja' perusahaang na paja' properti, wedding naajukang permohonang pole dana negara, na anggotana wedding napolo paja' pakkumaja anggota na hadia lao ri jemaat iyyare'ga komunitasna.",jemaat
4161,"Alena nullei patennang ki wettutta masara. Paulus naoki', Aja' ta masara agi-agi kajajiang, naikiya ialaleng na gau' e e pau i parillaummu akku Allah lalo doang na parillaungeng iya engak e to sukkuru' ilaleng na ; na anyamengeng pole Allah, iya lebbi mariolo daripada sininna akkaleng, melo' najagai atitta sibawa agalakeng mental ta lalo Kristus Yesus . ",yesus
92728,"Memeng iko mi mapikiri agguruang Kristen ero makkadae tau-tau non Kristen laiyasenge domba sesat, ero dena menghina? Coba deh sebelum luppe palla ko lebbi mabela, cek nappa analisa agguruang-agguruang Kristen ero tania bawang menghina, Kristen mallise ajaran cabul toi ero dena pantas laiyasenge mancaji kitab suci",kristen
19988,"Maka alena maneng na Paulus napa'tentu seddi esso untuk siruntu'. Akko yaro essoe maega tau engka lettu' lokka onrong monrona Paulus. Pole ele' lettu araweng Paulus naterangkan na akkarebang lokka alena maneng kareba tentang pekkoga Allah ta'ala mapparenta sebagai Raja. Sibawa mappake ayat-ayat pole Bobbo Musa na Bobbo Nabi-nabi, Paulus mangngusaha mebbu alena maneng mateppe tentang Yesus",yesus
16595,"Uskup-uskup Katolik Timur odding maccueri rupangna heraldik Gereja Roma, iyya napitangi topi gerejawi makupel mapance na wiringna malebba, nemung perisaina lalena maderi igambara' maccueri rupangna heraldik Bizantin, na ku naipatngi silongna makkuanaro modele' silongna padae sibawa silongna iyya ipake lalengna ibadat nasene ritus maengna.",gereja
71982,"Novel eddi maccaritang simbolog Robert Langdon na kriptolog Sophie Neveu furanna seddi peristiwa pembunuhan ri Museum Louvre ri Paris, sisenna alena mancadi terlibat laleng ammusureng antara Biarawan Sion na Opus Dei terkait kemungkinan makkedda Yesus Kristus nabottini Maria Magdalena.",yesus
38726,"Alena dena punnai yurisdiksi lansung makanja atas para patriark leang melo to Gereja-Gereja Ortodoks otokefalus, namun alena, okko antara rekang padanna primat, iyanaritu salah siddi iya berhak e menghimpun sinode luar biasa iya anggotana para rekang primatnya sibawa/iyaregga para delegasi mereka untuk ma bahas situasi ad hoc sibawa pura topa na himpung sinode pan-Ortodoks iya padat e-hadirin itu laleng eppa dasawarsa paccappureneg.",gereja
3673,"Sure'ku yaro ponco'e iya' uki' lokka iko sibawa bantuanna Silas, yaro iya' anggap seddi sessureng Kristen yaro setia. Yaro elo' mabbere sorongan lokka iko na yakinkangi iko maneng makkeda aga yaro iya' uki' yae kareba yaro tongenge tentang rahmat Allah ta'ala. Parelluni iko maneng makkatenni teguh akko yaro rahmat e",kristen
107366,"Ammusungeng Husite, iyyato riteppui Ammusungeng Bohemia iyyarega Revolusi Husite, iyyanaritu konflik iyya langsunggi antarana kelompok Husite mewai raja-raja Eropa iyya meloi passai wewenang Gereja Katolik Roma ase kaum Husite; rupanna faksi Husite iyyato sibali berseteru, uttamana kelompok Utraquis iyya tentanggi Husite sibawa tau Katolik.",gereja
110108,"Duanna engka akku Sir Leigh Tebing, tau ahlu Piala Suci iyanaritu sibangna Landing, iyaro na klaim makkada Piala tania siddi onroang naikiya Maria Magdalena, tongeng-tongeng mattampu sibawa bene pole Yesus Kristus, sibawa piala iyaro ibentuk untu’ na lindungi abbattirengna alena.",yesus
24581,"Lembaga-lembaga iye engka massemang-semang untu' napunnai dampak maloppoe ero alena nulle ri wilayah ero sibawa dena malejja siddi sibawa lainna jari-jari ajewe, tetapi mateppe' narekko sininna organisasi nulle pigau bageanna alena laleng napappura tugas mabbawa Alkitab lo wilayah linoe ero.",alkitab
55234,"Namuni, yewe de' naberhasil, nasaba' menuru' Gregorius pole Tours, Amalarik natekanna untu' nasalai iman Katolik Romanya nennia beralih lao agama Kristen Arianisme, akku seddi wettu ikalahkangi lettu' alena maddarah, alena nakirim lao silengsurenna Childebert I, raja Paris handu' berlumurang darahna sendiri.",kristen
51999,"Idi' maneng sangi' massukkuru' lokka Allah ta'ala nasaba' Saudara yamanengna. Setiap idi' maneng millau doang lokka Allah ta'ala na Bapa'ta, idi' maneng sangi' mingngerrang manengko. Idi' maneng sangi' millau doangko. Idi' maneng mingngerrangi pekkoga ikko maneng ma'jellokangi laleng kedo makkeda iko maneng mateppe lokka Kristus, pekkoga iko maneng mammaseangi tau laing gangkenna mulayani manengi, na pekkoga iko maneng rennuangi sibawa kejje lokka Puangta' Yesus Kristus",yesus
115469,"Ri pallawangna siningna passalengngewe lainge iya pura'e ripogau untu adecengenna sibawa manfaat bage wanuwaewe, riyellauwi kuwammengngi naripattentu iya manenna situru sibawa hukum sibawa disiplin publik rakyat Romawi, sibawa untu ripanassa'i makkada'e maega tau-tau Kristiani, iya dek naccoweriwi praktik leluhur'na, parellu paimang lisu lao ri pikiran yang sehat'e.",kristiani
74065,"Namuni makkuwaro, macahoro tau Romania de'na maelo' nabali' teppe'na, na iyyae kajajiangnge nassabari mompoona gerakang-gerakang Ortodoks Rumania iyyae perjuangangi kebebasang beragama untu' sininna tau Transylvania  -  parellu riperhatikang majeppu gerakang-gerakang'e ripaloppoi pole Visarion Sarai, Nicolae Oprea Miclăuş, nenniyya Sofronie pole Cioara, ri yawa pengarunna Gereja Serbia iyyae kaminang maega.",gereja
80384,"Alena lo madepungeng ku alun-alun kota sibawa manre masibawa penduduk Kristiani sibawa laleng seddi meja lampe. Saling sisapa laleng suasdana ya hangat sibawa mmangkelinga alunan elong fole orkestra Bulgarian folk. Festival yahe ih anggap tinnya bawang wedding tambah semarak allepereng bawang, tapi toh fatedde hubungan ataragama serta sikap saling toleransi.",kristiani
61720,"Karya-karya riyoki e ladde ihargai kui Bapa-Bapa Gereja furana, baik ri Gereja Barat namoni ri Gereja Timur, ya wedding irita betapa isi karya-karya iyoki yero mappitangngi bakti ya maloppoi lao Sang Firman ya mancaji tau, perhatian ya maloppoe lao urusan-urusan pastoral, sibawa minat ya maloppoe lao monastisisme.",gereja
121616,"Perangkat lunak Alkitab biasana irancang untu' nafagampangi pencarian kata sibawa frasa, untu' mengakses catatan Alkitab aggurungeng sibawa tafsiran-tafsiran, referensi berbagai terjemahan modern, referensi silang bagian sibawa topik serupa, kamus Alkitab, teks bahasa asli sibawa alat-alat bahasa, peta, bagan, sibawa e-book lain yewe dianggap relevan untu' memahami teks-teks fole sebuah pendekatan filologis.",alkitab
83435,"Jaji Ananias jokka toni lao bola e ro na nataro limangna ri yase'na Saulus. Sulengsureng Saulus, naseng Ananias, Puang Yesus iya Sulengsureng taita ri tengnga laleng wettunna Sulengsureng lao akkuhe, Alena na suroka engka bara' Sulengsureng wedding makkita paimeng na ikuasai akku Roh Allah.",yesus
28876,"Yolona, ku pamulang aha' iyyaro, iyya mabaca okina Lukas macarita kajajiang ancajingena Yesus, na iyya upajenengi makeda ku esso Natal iyya pamulang iyyaro de' nengka acara, hadida, na anre loppo bangsana iyya idi' maneng pegaui makukuae. Banna iyya manessae, ku rate engka asembange.",yesus
10014,"Jaji tau-tau iya purae isogo' ro makkedani akku Yesus, Pa' Guru, idi' misseng i makkeda siningna iya Bapa' pau sibawa pagguruang e ro coco' i. Idi' misseng toi Bapa' mappagguru na terus terang aga naeloki Allah untu' tau e, nasaba' Bapa' de' ta ita tau",yesus
89409,"Bahwasanya pihak-pihak iyae terlibat laleng dialog fassaleng isu aro mallaineng, siullena mungkin, isu-isu teologis fassaleng asal usul Roh Kudus fole isu-isu eklesiologis fassaleng primasi na otoritas doktrinal laleng Gereja, bahkan ri hettu iyya mabbahas kedua permasalahan aro silong toneng, secara massama-samang.",gereja
8518,"Injil Sinoptik adalah Injil Perjanjian Baru laleng Alkitab ero leroki’ okko Matius, Markus, siba Lukas. Injil sinoptik marepe’ladde roki kisah ero pada tentang Yesus, namun sibawa penjelasan siba lampe’ ero berbeda, namun mapunnai urutan ero pada siba mega mapake kata ero pada. Kemiripan ko antara tellu buku tersebut macawe ladde sehingga mega peneliti ero tandai sebagai masalah sinoptik.","yesus, injil, alkitab"
16876,"Nasaba' yaro Yesus makkeda lokka alena maneng, Matu' rekko iko maneng pura mupatanrei Anak Tau, iko maneng mulle missengi makkeda 'Iya'na Alena yaro riteppu IYA ENGKA', na iko maneng melo' missengi makkeda de'gaga seddi agaga yaro Kujama pole ale-Ku tommi. Iya' bawang paui aga yaro ripagguru Bapak lokka-Iya'",yesus
48733,"Tuanku Abdullah Saleh ero iyenaritu tau pendeta siddie ulama ero maloppo ladde perhatianna lao ilmu Tasawuf jaji kitab Hikam Ibnu 'Athaillah alena hapala okko siliweng ulunna. Alena toi tau macca ahli ade', jaji tania bawang urusan agama ero nakkutang tauwe lao alena, bahkan urusan ade' toi. Agguruang Imam Al-Ghazali tentang khalawat laiyanre ladde pole alena.",pendeta
18838,"Yesus ma'jawab, De'pa mu engka manengka ma'baca aga yaro rijama Daud, wettunna Abyatat bertugas i mancaji imam agung. Wettu Daud ma tau-taunna malupu', na de'na mappunna anre, alena mattama' lokka Bola Puang, na manre roti yaro pura ripersembahkan lokka Allah ta'ala. Na yaro rotie riabbereangna to lokka tau-taunna. Padahal menurut agamata', imam-imam bawang yaro mulle manrei yaro rotie.",yesus
118696,"Naekiyya, suku Vandal makkareso sipungeng siare’ dekade untu’ nappassang atepperenna Arianna lao raya’ Nicea Afrika Utara iyya engka ri yawa akuasangenna, naasingkangngi para klerus Nicea, napabubara’i biara-biarae, na mabbere tekanang matane’ lao umma’ Kristen Nicea iyya denasilaras sibawa alena maneng.",kristen
128436,"Missenggah idi tofi kerucut taung baru tanda selleng fura murtad, tofi taung baru yg mabbentu kerucut ternyata yanaritu tofi dengan bentu yang di difau sanbenito. Yakni tofi yg difake selleng Andalusia untu natandai narekko alena fura murtad, diaha penindasan gereja Katholik Roma yang menerapkan inkuisisi Spanyol.",gereja
103152,"Tau ero dena manessa agamana, mita photo lakkai baine sedang makkatenni persilahkan santapan ulu bahi di ase mejang manre na nacoeri peribadatan digereja. Tau pekkeddi elo diakka jaji gubernur Sumut, bafa Djarot asli selleng ambisi elo jaji gubernur Sumut sedia makkelong koor kebaktian di gereja, tergadai agama nasaba elo jaji pemimping, di tikkenang layar pesang yang nakirinang melalui WhatsApp.",gereja
91483,"Jurusan Pastoral Konseling napunnai akkatta untu' passadiyangeng calon pelayanan gereja iya punnai keahlian khusus untu' bimbing anggota gereja iyarega individu, lao ri appahangeng alessingeng tasiddie-siddie padaalena ri wettu nahadapi masala iya pribadi sibawa untu' pallebbangi nenniya mappake potensi alena iya riwereng ri laleng pelayanan gereja, malabberi kualitas kepribadianna mancaji konselor pastoral.",gereja
59999,"Pengkalingae naulle napahangi pappaseng pole Tuhan barue secara kiasan lao ri Aeschylus The Eumenides; ironi naulle pappada Eumenides de'na gaga Tuhan baru naekiya Erinyes ri laleng bentu baru, pappada to Tuhan Kristen'e de'na gaga Tuhan baru naekiya Tuhan iya nasompa tau Yunani'e riyaseng Allahtaala iya'e de'na riisseng.",kristen
97630,"Komunitas gabungan ewe gelar buka puasa bersama sibawa anak-anak panti asuhan Al Ikhwan, Kelurahan Kombos, Kecamatan Singkil, Kota Manado. Selain buka puasa bersama, siba leyaleng santunan ero merupakan sisihan rejeki pole para pengusaha online, pengemudi Gojek siba anggota Jeep Manado Siaap. Idi pole umat kristiani peduli, umat muslim peduli. Iyena idi Indonesia.",kristiani
39734,"Siare'-are' kritikus makkeda narekko' Gereja nennia ajarang-ajarang pole St. Paulus, para Bapa Gereja nennia teolog skolastik napelihara seddie gagasang makkeda inferioritas makkunrai itetapkang secara ilahiah, kendati ajarang resmi Gereja naita kaum makkunrai nennia kaum orane pappada, de' napada, nennia saling melengkapi.",gereja
82212,"Eronitu atappereng umum, majjello rewe lo narasi alkitab pole Menara babel makkada megae rupann bahasa passabari konflik politik, tapi' atappereng iyyewe kontradiksi sibawa fakta makkada mega episode-episode kekerasan utama lino caji ki situasi sibawa mega rupanna linguistik eroe mapance' mappada Yugoslavia sibawa Perrang Sipil Amerika, ato genosida pole Jerman Nazi sibawa Rwanda, namona mega unit-unit politik eroe stabil pura ladde' multilingual.",alkitab
128231,"Nennia idi meneng patterui matena yamaeng ro, Isa putra Maryam, sebagai penggenne hal-hal iyae maddioloe, yanatu sebagian lisena Taurat; sibawa purani idi maneng mabbereangi okko alena, Injil mallise Bimbingan sibawa cahaya terang, supaya paggennei hal-hal iya maddioloe pole Taurat, iyatona sebagai pengajaran untu' golongan bertakwa, makkuniro hendaklah yamaneng pewaris Injil, pettui perkara berdasar hal-hal iyae Allah palettuengi rilalaeng hal iyaero.",injil
47490,"Koester nabettuang pakkitang umumna sarjana'e majeppu Yustin naangga'i catatan kenangan rasul-rasul'e sebagai catatanna sejarah iyya coco' naekiya tenniya uki-uki iyya risurui, naiyyaro sarjana'e Charles E. Hill, naekiya naakui pakkitanna sarjana'e, mappikkiri'i Yustin naitai kutipan-kutipan iya napatuju'e nabi-nabi'e ri lalenna Injil'e pada-padai otoritasna.",injil
101099,"Struktur Katekismus Heidelberg diuraikan laleng pertanyaan yewe kedua, sibawa struktur tellu bagianna akkewe didasarkan akki ateppereng makeda karya tunggal keselamatan mengungkapkan ketellu pribadi fole Tritunggal akki giliranna, memperkenalkan Allah sibawa sempurna sibawa yewe sangat irisseng melalui karya keselamatan-Nya, merujuk femeng akki Pengakuan Iman Rasuli sebagai ringkasan fole iman Kristen.",kristen
12967,"Menurut kisah legenda, Yusuf na Maria rifaleppang akki wettu larinna ri laleng ale belukar; ana lolo Yesus wedding naperintahkan fong untu' mabukku' akki yawa lettu Yusuf wedding mala buahna na nappa memerintahkan wai fole mata wai menyembur akki saliweng fole ure jaji tomatoanna yero wedding memuaskan dekka mereka.",yesus
50514,"Tuduhan-tuduhan lona ajaran sesat naliputi tindakan mammiccu, malejja-lejja, yarega natemei salib; sambil telanjang, nimmaui secara vulgar fole pasanganna ri bagiang timunna, pusar na bagiang yawa bo monri; ajaran sesat na appesompangeng berhala; homoseksualitas yero taorganisasi; na to tuduhan yase penghinaan akki Misa Suci na ciana akki sakramen.",salib
84639,"T. Seddi-seddinna ga asennangeng Silessureng, mauni ri wettu tuwo namuni ri wettu mate J. Makkada iyya, sibawa watakkale nenniya jiwaku, mauni ri wettu tuwo namuni ri wettu mate, tania punnaku naekiya punnana Yesus Kristus Juruselamatku iya amtinulu; Sibawa dara-Na iya de'na ternilai ellingna, Alena pura paleppe'i sining inreng dosaku, nenniya napaleppe' ka pole sining kuwasa iblis.",yesus
125549,"Menurut Craig Blomberg, seddi karakteristik iyae engka okko yamaneng mukjizat iyae najama Yesus rilaleng kisah-kisah okko Injil yanaritu makkeda alena jamai degaga imbalanna rilaleng bentu' apapun okko yase adisingenna iyae riterima tau-tau, de' napada siagang imam maloppoe wettunna Yesus tuo rulino iyae mengenakan biaya okko yamanengi iyae  mengalami adisingeng.","yesus, injil"
61111,"Pidato pelantikanna dessa nakesankan. Yero nulle nengngerangngi tauwe iyanaritu makkeda alena, tau Kristen salih fole Georgia yewe, iyala fole Wasiat Lama, akki nafaue Mikah fassaleng keadilan, belas-kasih sibawa mecce atinna. Menuru' ceritana calalena nappa, alena sitongengna melo malai adanna Sulaiman - fassaleng farellunna rakyat fameccewi atinna, marellodoang, sibawa giling fole ampe kedo majassifa'na alena.",kristen
35169,Ramiz Jaraisy iyya iyyato matama' seddi tauna Kristen Palestina materangka iyyae pelenge iyyanaritu ebbu iyya parelly iyya nacaritange kajajiang iyyaro pole akitang tauna Kristen Palestina mancaji papasilainge na silainge sibawa modele' iyyae carita iyya yebbu ku Israel na mancaji rencana iyya maegangi ku rate..,kristen
103753,"Yede tannia misi terkoordinasi secara keseluruhan, nennia yanaritu misi sporadik iya lijama sibawa yamaneng biarawan Gaelik pole Irlandia sibawa pantai barat Skotlandia modern, iya berkontribusi laleng penyebaran agama Kristen sibawa pendirian monasteri-monasteri ki Britana sibawa benua Eropa ri Abad Pattenggangeng. ^ Flechner, Roy; Meeder, Sven, ed.",kristen
25013,"Paroses magguru materu terru pole Taurat sibawa Talmud wassele pengabdian lao ri Yudaisme iya naseng'e tau Yahudi de'na wedding tuwo na de'na gaga agamata, naekiya de'na pada na sadar'i iyae passaleng'e secara jelas lettu'na wettu perang salib, wettunna pada alena malewe dipakkasiwi untu mappile antara atuo-tuongenna sibawa teppe'na.",salib
