paragraph_id,source_index,sentence_index,text,file_stem
paragraph_001,120681,1,"Yewe hale'-hale'e irita lalengna foto yero nafengre'e Annisa, sibawa Ani, Benena Agus yero tampil i fake kaing batik cello cella' sibawa kebaja' fute wettunna hadere' upacara pengre' bendera esso kemerdekaan RI beberapa taung laloe.",paragraph_001_sent01
paragraph_001,120681,2,"Sayangna, yewe taungnge irayakan Alleppereng sumpulolo SBY silengengni dessa gaga Ani.",paragraph_001_sent02
paragraph_001,120681,3,Makkungrai aseng aslinna Kristiani yero tutu' umuru' furana iteppu malasa kanker darah.,paragraph_001_sent03
paragraph_002,56065,1,"Namu Gareja Katolik mappunnai seddi doktring pura idefinisikang secara dogmatis ri dosa assaleng, naekiyya de naripannessa passaleng nasi’na ana’lolo-ana’loloe iyya depa ibaptis; para teolo’ yaleng abebasakeng untu’ musulkangngi maega teori sihubunganna iyyae passalengnge, magisterium Gereja bebasa’to untu’ matterima iyyare’ga tola’i.",paragraph_002_sent01
paragraph_003,13763,1,Kuburu tuhan Yesus Kristus sedang dibukka.,paragraph_003_sent01
paragraph_003,13763,2,Untu' pertamakalinya eddi mancaji di Yerusalem ketika mereka meluncurkan marmer kuburu tuhan Yesus.,paragraph_003_sent02
paragraph_003,13763,3,Saddang sangkakala diangkalinga na ellung mabbentu lingkaran.,paragraph_003_sent03
paragraph_003,13763,4,"Puji tuhan, fenomena yang dena naulle dijelaskang ancaji esso eddu di Israel, like pelik tafi tuju.",paragraph_003_sent04
paragraph_004,14166,1,"Melona siolong Sang Khalik Maha Pencipta, Kristiani Herawati Yudhoyono iyaregga irisseng Ani Yudhoyono, nasalei fappaseng secara husus lao kader sibawa fangurusu'na Partai Demokrat yero alena fatettongngi sibawa nafaloppoi.",paragraph_004_sent01
paragraph_004,14166,2,"Farellong faccappurengna Ani Yudhoyono yero mabbentu' fappaseng nafalettu' akki Kepala Divisi Komunikasi DPP Demokrat, Imelda Sari lalo pesang fonco' akki megae grup WhatsApp fangurusu' DPP Demokrat.",paragraph_004_sent02
paragraph_005,31779,1,"Untu nabaliwi iyyae pakkutana'e, tau sarjan'e parellu makkutanangngi niga mokii Injil'e, uppanna mennang maroki, aga akkattana mennang ri laleng maroki'i, aga sumber-sumber assalengna iyya'e tau paroki'e, agana wedding ritariima sumber-sumber iyyae assaleng'e, sibawa agana jampana assaleng'e wettuna pole ri sumber assaleng pole ri curita-curita alena, iyarega agana purai ripinra'i.",paragraph_005_sent01
paragraph_006,122442,1,"Purana yamaneng pemimpin keagamaan, politik,sibawa sosial mattama Kristen, cumpai tanggapan matedde pole maega tau, iyae makkibbu Ranavalona mancaji tappede mengkhawatirkan dampak Kekristenan terhadap politik sibawa budaya Madagaskar, sibawa alena tona merasa makkeda agama iyero makkibbu rakyat Madagaskar berpaling pole nenek moyang sibawa tradisi iyero.",paragraph_006_sent01
paragraph_007,2226,1,"Nasaba’ pemilihan umung berlangsung laleng rentang wettu seddi iyyare’ga duwangngesso secara berkala, madari taungeng iyyare’ga lebbi, onrong pemungutang suarae biasanna monro ri fasilitas iyya ipake untu’ parellu laingnge, bansana sikola, gareja, onrong olaraga, kantoro’ pamarenta, iyyare’ga onrong monro peribadi.",paragraph_007_sent01
paragraph_008,22452,1,"Pembantaian iyae mammulanna iyami menyerang tau Armenia sibawa riserukan okko politikus sibawa ulama Utsmaniyah iyae mengklaim makkeda tau Armenia meloi membubarkan negara mereka, tetapi pembantaian iyae matteruna berubah mancaji pembantaian anti-Kristen wettue yamaneng penjagal mammula mattamaki Vilayet Diyarbekir sibawa wilayah Tur Abdin iyae rionroi okko tau-tau Kristen Asiria.",paragraph_008_sent01
paragraph_009,92408,1,"Cardinal Dias yanaritu seddi anggota pole Kongregasi Doktrin Kepercayaan, Kongregasi Penyembahan Ilahi sibawa Murid Sakramen, Kongregasi Gereja-Gereja Oriental, Kongregasi Pendidikan Katolik, Dewan Kepausan untu' Kebudayaan, Dewan Kepausan untuk Kaum Awam, Dewan Kepausan untuk Mempromosikan Persatuan Kristen, Dewan Kepausan untu' Dialog Antar-Agama, Dewan Kepausan untu' Komunikasi Sosial, Komisi Kepausan untu' Warisan Kebudayaan Gereja sibawa Dewan Kepausan untu' Teks-Teks Legislatif.",paragraph_009_sent01
paragraph_010,15760,1,"Papile Cerasi ku uluna Pengangkatan Tubuh iyya yita manessa, naiyya uluna Santo Paulus na Santo Petrus iyyanaritu untu' makkai dua Rasul iyya punnai akkeguna parellu lanre ku lalengna Gereja Katolik Roma, padae iyyato mega missengi mancaji uluna kedonge kontra-reformasi iyya asilaingena iman na kemartiran.",paragraph_010_sent01
paragraph_011,13038,1,"Ku manessae, tabel-tabel kanon, naiyya gambara-gambara paroki Injil, parellu lanre laleng studi alopponge oki naskah ku periode Abad Patengang Pamulang, ku tegi iyyami cedde naskah iyya ipatahangi, na naskah iyya lebbi riolo matama' lebbi cedde gambara' naiyya naskah pole periode matuna.",paragraph_011_sent01
paragraph_012,120746,1,"Narekko provinsi iye miskin sibawa idi materru runtui stigma majae, padae bawang hinaan ero rituju lao ri Tuhan.",paragraph_012_sent01
paragraph_012,120746,2,"ero battuangna idi mebbere beban Tuhan, tandasna.",paragraph_012_sent02
paragraph_012,120746,3,Laonimai idi mengurangngi beban Tuhan sibawa najamai potensi iyae riwerengngi Tuhan lao ri idi sibawa madeceng.,paragraph_012_sent03
paragraph_012,120746,4,"Minimal idi dek paimeng riteppu sebagai provinsi miskin, provinsi macarepa, nasaba memang gereja sibawa pamarentah sama-sama majjama sibawa untu naatasi, tutupna.",paragraph_012_sent04
paragraph_013,105289,1,"Nazaret, kotaNazareth, kota onrong Yesus atau Nabi Isa Almasih nacappuri masa ana-ana, taung eddi merayakang Natal.",paragraph_013_sent01
paragraph_013,105289,2,"Wali Kota Nazareth Ali Salam, nabatalkang seluruh rangkaian Perayaang Natal, sebagai protes atau keputusang Presideng Amerika serikat Donald Trump yang manggaku Yerusalem sebagai Ibu Kota Israel.",paragraph_013_sent02
paragraph_013,105289,3,"Kota aro elo mafatuo Pohon Natal, tafi dena menggelar perayaan apapun.",paragraph_013_sent03
paragraph_014,38415,1,Alena lao sibawa siare surona gereja'e nennia ade'e untu' mappasadia surona Papua iyae matu engka ri upacara penobatanna Jokowi.,paragraph_014_sent01
paragraph_014,38415,2,"Nasaba' sukkuru'i nasaba' naalle Jokowi, naissenni alena waji'i massempajang lao ri Jokowi mancaji presiden terpilih narimakkuannanaro naullei pimpingngi Indonesia sibawa madeceng, naiyya nabarakkakiwi Jokowi.",paragraph_014_sent02
paragraph_015,10418,1,"Ri lalenna iyyaro bobbo’ e, engka paragraph iyya nateppui makkeda sila pammulanna Pancasila iyanaritu Ketuhanan Yang Maha Esa nennia rilambangkang i sibawa sewwa biccuing ulaweng massudu’ lima.",paragraph_015_sent01
paragraph_015,10418,2,"Iyyae sila e nabettuangi agama-agama maraja e ri Indonesia, iyanaritu Islam, Kristen, Buddha, Hindu, sibawa Ideologi Sekuler Sosialisme.",paragraph_015_sent02
paragraph_016,83331,1,"Kanon Katolik Roma sibawa Gereja-gereja Timur nacakup kitab-kitab yaro laesebbu deuterokanonika, yaro kega kewibawaanna laetentang okko Akiba ben Yusuf silaleng na perkembangan kanon Ibrani okko abad pertama; namo rekeng Akiba meto de' na natentang lae pake na pribadi kitab-kitab yaro sebagaimana alena meto biasa napake Kitab Sirakh.",paragraph_016_sent01
paragraph_017,4941,1,"Seddie, naekiya de'na seddi-seddi, iyyanaritu ekspresi gerakan ekumenis, iya pura mancaji gerakan untu' mabbentu gereja-gereja bersatu, pappada Gereja India Selatan, Gereja India Utara, Gereja Kristus berbasis ri AS, Gereja Bersatu Kanada, Gereja Uniting di Australia sibawa Gereja Bersatu Kristus di Filipina iya to napunnai i pengurangan keanggotaan sibawa magatti.",paragraph_017_sent01
paragraph_018,52972,1,Kitab Musa yanaritu syatatan iyae lebbi lengkap fassaleng uki-uki Musa ri awal kitab Kejadian laleng Accanjingeng Itta.,paragraph_018_sent01
paragraph_018,52972,2,"Kitab Musa mallise maega doktrin na aggurung iyae tabbe fole Alkitab na mabbere informasi tambahan fassaleng rencana keselamatan, penciptaan bumi serta urusan-urusan Tuhan silong Adam na Henokh.",paragraph_018_sent02
paragraph_019,19071,1,"Sedi-seddi wettu rilaleng taung liturgi collongenggi tema teologi mattentu na tata cara massumpajang matentu iyya rijellokeng sibawa rupanna carana hiasi gereja, cora-cora paramentum na vestimentum bage rohaniwan, nas-nas Alkitab iyya ribacangeng rilaleng assumpajangeng, tema-tema makkatobba, na nulle sibawa rupanna tradisi sibawa praktik lo riammalakeng pole anggota jemaat secara pribadi iyyarega ri onrong ceddi-ceddi.",paragraph_019_sent01
paragraph_020,126421,1,"Alena mebbu kritik yaro matareng lokka prasangka-prasangka yaro makkokkoe muncul tentang keuntungan-keuntungan yaro riabbereang lokka manusia pole gereja, negara na distribusi harta punna yaro engkae, na pole aggurung-aggurung Yesus alena nasimpulkan atoran untuk de'na mewa na kutukan mutlak lokka yamaneng perang.",paragraph_020_sent01
paragraph_021,875,1,"Purana nasalai kepemimpinan NHGRI sibawa sebelum mancaji direktur NIH, alena patettong sibawa mancaji toi presiden The BioLogos Foundation, iya napromosikan discourse tentang hubungan antara sains sibawa agama sibawa naadvokasi perspektif makkeda kepercayaan Kristen naulle iselaraskan sibawa penerimaan evolusi sibawa sains, terutama lalo pengembangan kreasi evolusioner.",paragraph_021_sent01
paragraph_022,32004,1,"Purana serangang pammulang, pasukang Utsmaniyah tersebar ri sepanjang kalanan kota, Mese, nalewatkang forum-forum loppo, nennia nalewatkang Gereja Rasul Suci, ye yenelokie akku Mehmed II untu' ipanjaci onrong kedudukanna patriark ye elo' ijello'na, ye elo' mabbantu untu' lebbi makanja' laleng mengendalikang rakyat Kristenna.",paragraph_022_sent01
paragraph_023,127761,1,"Seddi apologet kristen na filsuf Alvin Plantinga iyae maddukung teori perancangan macca maformulasikan ulang argumen denanamungkin eddi sebage argumen evolusioner mabbali naturalisme, iya nanyatakan makkedda iyaro dena rasional untu mattolak keberadaan perancang macca na supernatural nasabari kemungkinan kemampuan mattentu tabbentu liwa syidaha.",paragraph_023_sent01
paragraph_024,37422,1,"Sebab iya yakin, makeda baik maut, maupun hidup, baik malaikat-malaikat, maupun pemerintah-pemerintah, makessing yewe engka makkukue, maupun yewe melo engka, atau kuasa-kuasa, baik yewe akki yase, maupun yewe akki iyawa, ataupun sesuatu makhluk lain, dessa melo wedding maserang ki fole kasih Allah, yewe engka laleng Kristus Yesus, Tuhan kita.",paragraph_024_sent01
paragraph_025,34003,1,Upacara pembaptisan ana-ana ki gereja Lutheran Upacara pengakuan dosa ki Gereja Katolik Ukraina Perayaan Ekaristi ki gereja Metodis Upacara pagala'i ki gereja Anglikan Upacara pentahbisan imang ki Gereja Ortodoks Rialau Pemahkotaan mempelai rilaleng upacara botting ri Gereja Katolik Suriah Malabar Upacara pengurapan tau malasa ri Esso Raba' Mapaccing.,paragraph_025_sent01
paragraph_026,23201,1,"Istilah aro syau lessi difake laleng Gereja Ortodoks Timur na Gereja Katolik Timur na terkadang iyaro analog fole monsinyur laleng Gereja Katolik, tafi laleng Gereja-Gereja Timur, seddi imam agung mappake jubah tambahan na seddi salib pektoral na kadang diakka molai seddi upacara liturgi.",paragraph_026_sent01
paragraph_027,62204,1,"Yede gau'e matedde rilaleng atuwongenna, gangka ri taung-taung paccappureng tuwongenna, alena lebbi gigih mappuada makkada Alkitab iyanaritu otoritas utama rilaleng Kekristenan, makkada akuwasanna Paus de nappunnai dasar sejarah, makkada atuwongeng biara iyaero pura mancaji makkasolang teng paddennuang untu' pinra, nenniya makkada kebobrokan moral sining pendeta nacarepai jabatan nenniya sakramen iya pada alena pogau.",paragraph_027_sent01
paragraph_028,47815,1,"Untu' uma' Islam, de' isuroangi untu; magurui ise'na Taurat, Zabur, na Injil iyya engka makukuae, nasaba naseng agurung Islam, yasengi pura matama' rupangna bettuange manessanaiyya de' tongen na nasaba ise'na yemaneng kitab iyya yapereluang mupi, purani ipatama ku lalengna kitab Al-Qur`an.",paragraph_028_sent01
paragraph_029,118321,1,"Tau iya palettu' kareba, harusu' napalettu' kareba pole Allah; tau iya layani tau laing e, harusu' nalayani sibawa agalakeng iya pole we Allah, bara' ilaleng siningna gau' e, Allah wedding iagungkan lalo Yesus Kristus.",paragraph_029_sent01
paragraph_029,118321,2,Alena makkuasa na wedding ipakaraja untu' silampe'na etta.,paragraph_029_sent02
paragraph_030,92081,1,"Kehormatan pengurapan sibawa parfum yanaro tindakan yaro sangi' riteppu laleng literatur lainge pole yaro masae; ne, mappake gemme lampe' untuk rakkoi aje Yesus, mappada laleng Injil Yohanes na Lukas, de'na ricatat ri onrong lainge, na parellu rianggap sebagai tindakan yaro istimewa.",paragraph_030_sent01
paragraph_031,13188,1,"Namuni engka sadda-sadda laleng Dewan Signoria Venesia ye iyusulkang nare' pulau yero iyaleng sibawa passullenna  wilayah ri Dalmatia nennia hak-hak dangkang istimewa, harapang elo' engkana  bantuang pole negara-negara Kristen lainna napancaji Venesia maloppo ulu, nennia ultimatum Utsmaniyah to itola' mentah-mentah.",paragraph_031_sent01
paragraph_032,65272,1,"Hebraisme, sippada Helenisme, ianaritu salah seddi faktor pongpenting laleng perkembangan peradaban Dunia Barat; agama Yahudi, mancaji paddiolona pole agama Kristen, secara de' na langsung maega mabbere sumbangan lao akkibukeng nilai-nilai luhur sibawa akhlak bangsa-bangsa Barat sipongenna agama Kristen tattale' maloang ri puttanang Eropa.",paragraph_032_sent01
paragraph_033,93044,1,"Ku wettu Borgias, yarega wettu ku tegi silesurengna Borgia kuasai kepemimpinan Gereja, perang ku Italia mamula malanre ku tegi tentara-tentara nawajae Swiss mancaji pasukan garisi yolo tette untu' faksi-faksi iyya siewa - maderi untu' Prancis na maderi untu' taua Gereja yarega Kekaisaran Romawi Suci.",paragraph_033_sent01
paragraph_034,111711,1,"Jurnal penelaahan sejawat New Testament Studies iyya ipassu ku Cambridge University Press, paui agaga padangena iyya manessa ku agaga-agagana iyya terangkangi tanrangna alena na jamang Parakletos, sibawa aga iyya pura dinubuatkan untu' umat Kristen, iyyanaro nubuat iyya nacaritai Parakletos mancaji paberena Roh Kudus pasca-Paskah.",paragraph_034_sent01
paragraph_035,38419,1,"Naikiya nasaba' iyaro Allah namasei ka, bara' Kristus Yesus wedding nappitang siningna asabbarakeng-Na akku iya', tau iya paling madosa e he.",paragraph_035_sent01
paragraph_035,38419,2,Na iyahe mancajiwi seddi contoh untu' siningna tau e matu' melo' mateppe' akku-Alena na naruntu' tuo sejati na pulana,paragraph_035_sent02
paragraph_036,121255,1,"Umma' Kristen narasai idiskriminasi akut, persekusi, na rilaleng siare kasus ripettui pidana mate ri siare' negara Muslim, Yahudi, na Asia Selatan, iyanaritu ri Irak, Iran, Israel, Suriah, Teritorial Palestina, Mesir, Arab Saudi, Turki, Qatar, Uzbekistan, Yordania, Oman, Kuwait, Kazakstan, Tajikistan, Turkmenistan, Kirgistan, Eritrea, Uni Emirat Arab, Kosovo, sibawa Chechnya.",paragraph_036_sent01
paragraph_037,127230,1,"Agama Kristeng itentang ri laleng maega peristiwa iyya berhubungangnge pole assi antiklerikalisme bawang lettu' alluangeng assi kekerasang pappadanna assi dekristenisasi riwettu mattengnganna Revolusi Prancis, Ammusureng Rikkaneng Spanyol, na gerakang-gerakang Marxis mattentu, khususu'na Revolusi Rusia na penindasang umma' Kristen ri Uni Soviet ku rezim ateis.",paragraph_037_sent01
paragraph_038,73782,1,"Ye engkana beragam kalompo' agama bangsana monoteisme, politeisme, panteisme, nonteisme, nennia agama tertentu lainge bangsana Kristen, Yahudi, Islam, Taoisme, Buddhisme, nennia maega lainna; de' natoli jelas untu' kega kritik itujukang iyare'gi lettu kegani kritik berlaku untu' agama-agama laing.",paragraph_038_sent01
paragraph_039,44808,1,"Sebagai ana', Chaime mancaji pion ri laleng kekuatang politi' ri provence, di mana ambo'na maccoe terliba' laleng pertempurang menolong mubtadi' Kathar pole Albi nalawang pasukan Perang Salib Albigensia ye ipimpin oleh Simon IV de Montfor, Earl Leicester, ye nacobai untu' namusnahkan mereka.",paragraph_039_sent01
paragraph_040,59162,1,"Nah, Puang-puang yamanengna parellu misseng na yamaneng bangsa Israel to parellu missengi makkeda yae taue tettong makkokkoe sibawa batang kale malessi ri olona Puang-puang, nasaba' kekuatan na akuasangeng pole Yesus Kristus yaro tau Nazaret e.",paragraph_040_sent01
paragraph_040,59162,2,"Puang-puang pura nasalibkan yaro Yesus, tapi' Allah ta'ala purai napatuo Alena paineng",paragraph_040_sent02
paragraph_041,120462,1,"Iyaro daftar'e de'na riaseng'i parellui ri Gereja Katolik'e, nennia nasaba parellui Martin Luther, Gereja Katolik'e napinrai kanon'e ri Konsili Trente, iya purana napattentu paimeng kanon'e pole konsili-konsili riolo nennia natambai klausula anatema'e lao ri sininna usahana untu' napinrai isi kanon'e.",paragraph_041_sent01
paragraph_042,98247,1,Alena pun teta nallaleni rukun iman na Islam.,paragraph_042_sent01
paragraph_042,98247,2,"Namun, di padepokannya eddi, dena hanya diiseri oleh tau beragama Islam, agama laing pun dipersilakan maggabung.",paragraph_042_sent02
paragraph_042,98247,3,"Naikia sayang, Siswo  dena najelaskang mengenai ajaran fole kelompo eddi.",paragraph_042_sent03
paragraph_042,98247,4,"Trisula Weda merangkul yamaneng ajaran, di Trisula Weda  engka merangkul yamaneng, Hindu, Kristen, tau fole Bali todo engka todo, matterru Pasundan, Sunda Wiwitan, Jawa  Kejawen, komplit.",paragraph_042_sent04
paragraph_043,4786,1,"Kasus yede berkaitan sibawa tindakan mala paksa, iya lipegau' sibawa pemerintah Negara Gereja, lao salah seddi anak keluarga Yahudi ki Bologna, yanaritu Edgardo Mortara, iya nappa enneng taung umuru'na, atas dasar kesaksian seddi mantan pelayan keluarga Mortara makkeda Edgardo pura libaptis secara darurat wettu malasa wettuna biccu mupi.",paragraph_043_sent01
paragraph_044,109734,1,"Ero maneng cendekiawan modern pura napanessa makkeda surat-surat berharga iyehe denawedding yappodang sibawa naggunang huruf-huruf sandi berdasar lokko Salib Malta; engkato nala selisih pendapat lokko iye agagae, sibawa aretoga sistem kode iyehe napapigunang monri sibawa degaga sesuatu ero nagunang lokko iyamaneng Kesatria Ordo Bait Allah lokko abad maritengah.",paragraph_044_sent01
paragraph_045,112060,1,"Doktring-doktring Kristen maccaku’ ateppereng makkeda Yesus ikandung ku Roh Kudus, ipajaji pole seddi perawang asenna Maria, pegau’ maega mujjisa’, mappatettong Gereja, mate nasaba’ assalibeng sebagai karoba lao penebusang, moto’ pole amatengeng na menre’ lao Suruga, na maelo engka paimeng ri lino.",paragraph_045_sent01
paragraph_046,4285,1,"Sibawa iya' ma'janci sibawa sungguh-sunggu untuk perhatikan, sibawa berdoa memohon bare' Pikiran iya to engka ki laleng Kristus Yesus yaro monro ki laleng idi', untuk nalakukan lao tau laing aga iya melo' bare' alena najama lao idi'; sibawa untuk bertindak penno kasih, adil, nennia murni.",paragraph_046_sent01
paragraph_047,38045,1,Okina pura ipake untu' mewai iyyagi tau Yahudi naiyta umat Kristiani.,paragraph_047_sent01
paragraph_047,38045,2,… makeda mappamula wettu iyyaro akewange na peperangan na asilolongeng-meja iyya magatti si-sulle na de' pettu-pettu cumpa ku kota iyyaro na ku yemaneng Yudea lettu pacapurengna ikepungi ku Vespasianus moloi.,paragraph_047_sent02
paragraph_048,14611,1,"Onrong iyae, monroi ri tange mattama sempit salo' kuniro Salo' Marne mengitari tanah berbatu, riwerengi aseng purana parit oppidum Celtic sibawa kemudian castrum Romawi; situs iyae riiseng laleng catatan pertengahan sebagai Castrum Bagaudarum, ri wettu yero Bagaudae mebbu reputasi sebagai penjaga umat Kristen pole siksaan Romawi.",paragraph_048_sent01
paragraph_049,115567,1,"Nappa Yesus no' pole yaro bukit e massama-samangi sibawa yaro rasul-rasul e, nappa pajai na tettong ri seddi onrong yaro malappa'e.",paragraph_049_sent01
paragraph_049,115567,2,"Akkero mai engka to maega loppo paccoe'-paccoe'-Na yaro lainge na maega tau yaro engka lettu pole tega-tega ri yamaneng Yudea, Yerusalem, na kota-kota Tirus na Sidon yaro ri wiring tasi'",paragraph_049_sent02
paragraph_050,102163,1,"Negara Gereja sicara resmi naccang ummat Yahudi nafajjama pelayang yero magama Kristen, tafi keluarga-keluarga Yahudi yero taat magama manganggap keberadaan pelayang-pelayang tania Yahudi ri bola tae liwe penting, nasaba pelayang-pelayang yero de taikat fole syariat agama Yahudi nappa wedding tette najamai jamang-jamang bola tangga tabbulu ummat Yahudi matunaikan kewajibang maistirahat akki esso Sabat.",paragraph_050_sent01
paragraph_051,114258,1,Indo’na guru matematika ri sikolang bunge’.,paragraph_051_sent01
paragraph_051,114258,2,Tatas Brotosudarmo iyanaritu appo gattungna Siwur pole KGPAA Mangkunegara I mangeppu KPH Poerbonagoro sibawa to appi wareng pole KGPAA Mangkunegara IV mangeppu BRAy Tondokusumo.,paragraph_051_sent02
paragraph_051,114258,3,Tatas Brotosudarmo botting sibawa Dr. Leenawaty Limantara.,paragraph_051_sent03
paragraph_051,114258,4,Tatas Brotosudarmo iyanaritu tau panrita Kristen Indonesia iyaro macca redormed injil.,paragraph_051_sent04
paragraph_051,114258,5,"Tuli hadere, akku penginjilan sibawa seminar kekeristenan.",paragraph_051_sent05
paragraph_052,29871,1,"Mangulang-ulang nappa sibawa megana cara ero bapa suci na pa tette ma pekko ero maneng tau ee harusuk tuo taat lao okko Yesus Kristus sibawa setia mengabdi na ma pake ating ero murni sibawa ating nurani ero mekanja ee, laleng na status tuo aregaa agaga aro ga ma pekko cara tuo religius agagi ero na pile we.",paragraph_052_sent01
paragraph_053,114425,1,Amerika Serikat dessa necce lalengna proses mappile yewe.,paragraph_053_sent01
paragraph_053,114425,2,"AS, dessa femeng nitai perang akki Asia Tenggara sebagai rufanna perang salib nalawang si majassifa', sibawa dessana femeng najampangi sitongengna wettu yolo yero fekkogi yero nelori rakyat akkewe.",paragraph_053_sent02
paragraph_053,114425,3,"Irita fole nafaue yero pemimpin akki Washington, yero mencaji masala fassaleng bawang atepperengna sekutu-sekutu AS lao jangci sibawa komitmen negeri yero.",paragraph_053_sent03
paragraph_054,118792,1,Jaji alena nasuroni pengiku'-pengiku' na alena akku Yesus sibawa siarega anggota golongan Herodes.,paragraph_054_sent01
paragraph_054,118792,2,"Tau-tau e ro napau akku Yesus, Pa' Guru, idi' misseng i makkeda Bapa' jujuru'.",paragraph_054_sent02
paragraph_054,118792,3,"Bapa' tapagguru de' ta' belle aga naeloki Allah untu' tau e, na de' tajampangi pendapa' na tau e.",paragraph_054_sent03
paragraph_054,118792,4,Nasaba' Bapa' de' ta ita i niga tau,paragraph_054_sent04
paragraph_055,109831,1,"Keyakinan Katolik Roma maelo pemurnian rilaleng atuwongeng purana amatengeng pole yede linoe didasarkan ri praktik berdoa untuk' arwah, iya napuada rilaleng aga iya napuada Gereja Katolik Roma mancaji bageang pole Kitab Suci, nenniya diterapkan pole umma' Kristen sipungenna pammulanna, seddi praktik iya mengandaikan makkada arwah passabarengna itulungi rilaleng fase yelle'na amatengeng jasmani nenniya mattama'na pada alena lao rilaleng cappa' onrongna pada alena.",paragraph_055_sent01
paragraph_056,117697,1,"Sile'ttunna ri be'nere liang lahat, prosesi pemakaman ripammulai nasibawai mabbaca riwayat hidup siba mabbbage penghargaan iye riterima Ani Yudhoyono.",paragraph_056_sent01
paragraph_056,117697,2,"Selanjutna, Jokowi nallippe'ssang kepergian benena untuk rimakamkan ri yawa naunge'ng bendera Ce'lla Pute.",paragraph_056_sent02
paragraph_056,117697,3,"Iya Presiden Republik Indonesia yase ase'ng negara, bangsa, siba TNI, nasibawai ewe mempersembahkan okko persada indo pertiwi jiwa, raga, siba jasa-jasa almarhumah Hj Kristiani Herawati Yudhoyono, kata Jokowi.",paragraph_056_sent03
paragraph_057,26859,1,Idi' sippada batu-batu iya tuoe.,paragraph_057_sent01
paragraph_057,26859,2,Nasaba' iyaro melo'na idi' melo' ipake untu' bangung Bolana Allah iya rohani.,paragraph_057_sent02
paragraph_057,26859,3,"Narimakkuanna naro idi' mancaji imang-imang, iya tuo khusus untu' Allah, na lalo Yesus Kristus persembahkan i akku Allaah, karoba rohani iya natarima akku atinna Allah",paragraph_057_sent03
paragraph_058,47670,1,"Palebbangna Lisinius riaseng'i pappasilennereng pole riseddie pusa' assiewangeng politi' Yunani-pabbicarae nenniyya Pagan ri Timurung, sibaawa Roma-pabbicarae Latin nenniyya Kristiani, nenniyya ripassu'i majeppu seddi ibukotana Timurung iyya baru'e waji'i mancaji pappasilennereng integrasi Timurung ri lalenna Kekaisaran Romawi yamanenna, mancaaji pusa' aggurung, asugireng, nenniyya pelestariang ade'e ri yamanenna Kekaisaran Romawi Timurung.",paragraph_058_sent01
paragraph_059,43596,1,"Imajinasi Katolik'e mattarakkangngi modele'na ade'e iyya biasangnge ri lalenna tau Katolik'e iyya dee'e naripassala pole pakkitanna Gereja Katolik Roma iyya makkedae Puangnge engkai ri lalenna sininna sewwa-sewwae nenniyya ri lalenna rupa tauwe, iyya riita rilalenna sistem sakramen'e iyya gau-gau'e nenniyya rupa tauwe mancaji assaleng nenniyya laleng pole ri pammasena ilahi'e.",paragraph_059_sent01
paragraph_060,24642,1,"Tongengna, menuru' Kepala Bagian Humas Pemkot Surabaya Febriadhitya Prajatara nassakkareng kegiatan yero iyanaritu kegiatan baptis.",paragraph_060_sent01
paragraph_060,24642,2,Kegiatan lalengna yero videoe iyanaritu kegiatan silaturahmi sibawa yero rohaniawan se-Surabaya.,paragraph_060_sent02
paragraph_060,24642,3,Jaji idi' pastikan makkeda lalengna acada yero Bu Wali Kota iyello doangi bara' tuli madising sibawa tuli Ilingdungiwi Puangalataala.,paragraph_060_sent03
paragraph_060,24642,4,Dessa gaga acara laingnge silaingna yero.,paragraph_060_sent04
paragraph_061,86803,1,"Pitangi lao okko iya siddi tau ero lalo okko Injil yaro pura na runtu na pemeng pole okko kemabukan lao okko laleng kesadaran diri, pole okko kemarahan nah kegusaran ko laleng kesabaran diri, pole okko ketamakan lao okko kemurahan hati, pole cemar mulut lao okko laleng baik wicara, pole okko ketidaksenonohan lao okko laleng kesahajaan.",paragraph_061_sent01
paragraph_062,34667,1,"Atuongena atuonge relijius na pangkaukeng marilaleng pole Bernard pole Clairvaux na Fransiskus pole Asisi ku abad kasepulo dua na kasepulo tellu, masilong sibawa susangena maneng Salibis iyya lesu pole Tanah Suci, warengi atuonge devosi ku Carita Peddina Yesus Kristus.",paragraph_062_sent01
paragraph_063,13842,1,"Mareppe makkeda seddie kerajaang Nestorian ye lenynye'e engka ri bagiang timur, iyare'gi makkeda asalamakeng Negara-negara Tentara Salib tergantung akku seddie aliansi sibawa seddie tau penguasa monarki Timur, yenaritu salah seddi alasang bare' siare'-are' duta loppo nennia misionaris Kristen ikiring lao Mongol.",paragraph_063_sent01
paragraph_064,12281,1,Berikut kumparan mappasilolongeng.,paragraph_064_sent01
paragraph_064,12281,2,"Shandy Aulia De'na namaitta iye, Shandy Aulia mappuada mabbka puasa sibawa keluarga maraja sang ayah, Kemas Yusuf Effendy.",paragraph_064_sent02
paragraph_064,12281,3,"Mappada riissengngi, sipungenna Shandy umurunna tellu taung, tomatowanna massarang.",paragraph_064_sent03
paragraph_064,12281,4,"Shandy pura toi sibawa indo'na, Elsye Dopong, sibawa menganut agama Kristen.",paragraph_064_sent04
paragraph_064,12281,5,"Namakkuaniro ero, Tellu silessurenna makkunrai, Dian, Vivi, sibawa Putri, mancaji agama Islam pada-padanna ambo'na, Kemas.",paragraph_064_sent05
paragraph_065,27751,1,"Tata carana memuat ajakan untu' bertobat fole pastor, waktu doa hening yewe memungkinkan umat untu' mengakukan dosa-dosa mereka akki laleng hati, seddi bentuk pengakuan umum yewe diserukan sibawa fole yamaneng yewe hadir, sibawa pemakluman absolusi umum fole pastor yewe umumna isertai sibawa makibbu tanda salib.",paragraph_065_sent01
paragraph_066,114424,1,"Purana iyaro Yesus napau akku tau-tau e, Narekko seddi tau pole idi' maneng mappunnai seddi ana' iarega sikaju lembu iya mabuang e akku bujung e ri esso Sabat, de' ga na alena magatti' getteng i messu' ana' e ro iarega lembu e ro esso e ro?",paragraph_066_sent01
paragraph_067,19079,1,"Kitab-kita ya i pasingewang, ya tama e laleng seddi kanon namung de' na engka laleng ya laing e, sesekale yaseng apokrifa Alkitab, seddi adana ya tulli-tulli i pake secara macikke untu podang kitab-kitab laleng kanon Ortodoks nenniya Katolik ya de' gaga laleng Teks Masoret Yahudi nenniya megana Alkitab Protestang modern.",paragraph_067_sent01
paragraph_068,120676,1,"Maega pole Gereja-gereja iyyae de' natarima pikiri makeda engka seddi otoritas lainge ku seliwengna maneng paroki Kitab Suci iyya odding ku materu mului tau-tau Kristen lainge lalo otoritas ilahi iyya tongenge; purana Perjanjian Baru, makuro alena maneng paui, tange-tange pewahyuan pura itutu.",paragraph_068_sent01
paragraph_069,73265,1,Selleng pole Epafras.,paragraph_069_sent01
paragraph_069,73265,2,Alena pole to kalangeng ta.,paragraph_069_sent02
paragraph_069,73265,3,"Alena hamba Kristus Yesus, iya tuli millau doang marajing untu' idi' maneng.",paragraph_069_sent03
paragraph_069,73265,4,"Alena millau ladde' akku Allah bara' ateppekengta mancaji matedde' na idi' madewasa tongeng, bara' idi' sukku' tunru' akku elo'na Allah",paragraph_069_sent04
paragraph_070,14811,1,"Mega tau Kristen tama selleng untu' menghindari pajak jizyah yewe ikenakan akki mereka sebagai Dhimmi Konversi lo Selleng to membuka cakrawala baru untu' tau-tau Kristen asli, mengangkat posisi sosial mereka, menjamin kondisi kehidupan yewe lebih makessing, sibawa nafaloangi ruang lingkup kerja mereka akki jamang yewe lebih teknis terampil sibawa maju.",paragraph_070_sent01
paragraph_071,52512,1,"To Kristiani makkutopa ricepu nyawana hakna pallurui petisi lao kalangan istana, mancaji alena temmaka potensial lao risessa pangadele; to Kristiani makkuto mabbere warekkada ase pangkaukeng iya ripamaju mewai alena ri pangadele; sininna senator, ekues, dekurion, veteran sibawa tentara Kristiani tabbei pangkatna maneng; na tau-tau purai ripamaradeka ri laleng kekaisaran mancaji ata.",paragraph_071_sent01
paragraph_072,108652,1,Alena toh nerak umat Kristen ku Nagekeo kususna Nangaroro magguru tentang hal mapuasa fole umat Muslim ya wettude iyye lo laksanakan selana siuleng fenno.,paragraph_072_sent01
paragraph_072,108652,2,"Iya wakkeleki umat Khatolik fole Nangaroro naucapkan selamat ku umat Muslim ya lo tama uleng puasa, uleng ya suci sibawa fenno berkah sibawa idi berusaha untu ciptakan suasana damai sibawa tenteram, nafau.",paragraph_072_sent02
paragraph_073,1526,1,"Gereja naitanna sebagai seddi kejahatan serius yaro mancaji saba' iman, rennu, na kasih laleng alena tau lainge mancaji lemma, terutama rekko yae hal e rijama lokka anak-anak ato kaum lolo na pelakuna yanaro pribadi pole pihak otoritas mappada tomatoa, guru, ato imam.",paragraph_073_sent01
paragraph_074,20401,1,"LWF iyyato mengaui tellu Akengauna Iman Ekumenis -- Akengauna Iman Nicea, Akengauna Iman Rasuli, na Akengauna Iman Athanasius na akengauna-akengauna iman Gereja Lutheran, utamangena Konfesi Augsburg iyya depa isullei, naiyya Katekismus Beccu Martin Luther mancaji papanessa iyya mapacinge pole Firman Allah.",paragraph_074_sent01
paragraph_075,26060,1,"Dokumen iyyae maparengerang na pateddei undang-undang iyya pura yebbu ku yemaneng paus yolona ku aliwenge-aliwengena iyyaro, na iyyato paluangi lettukengna ku yemaneng tau loppona gereja iyya nullewe, untu' selewi hukuman iyya sibawai, maccue ku lalengna alelunge agaga-agaga linoe sibawa mapake aseng tau-tau beasae.",paragraph_075_sent01
paragraph_076,41570,1,"Namui, ekspedisi Tamar akki kawasan Pontus to nulle dipicu fole eleronna untu' memanfaatkan kekacauan yewe naalami fole Romawi Timur akibat serangan Tentara Salib Keeppa' sibawa mendirikan sebuah negara yewe bersahabat sibawa Georgia akki perbatasan barat dayanya, sibawa to nulle iyanritu bentu' solidaritas kepada Wangsa Komnenoi yewe dena mofi berkuasa akki Konstantinopel.",paragraph_076_sent01
paragraph_077,33215,1,"Naiyatteyangngi siningna bantuan'e lao ri kaluwargana; silessureng orowane'na tette'i mancadi juru marroki pos, anure kesayanganna tette'i mancaji pendeta kampongnge, nennia tellu silessurenna makkunrai de'pa nakawin'e tuwosi ri laleng akasiasingenna tau kasiasi'e ri Roma, sibawa cara iya'e pada-padanna tau laingnge pole ri latar belakang iya pada-padanna mariyawa'e.",paragraph_077_sent01
paragraph_078,55427,1,Wettunna esso Sabat Alena mappammula mappagguru ri bola massompa.,paragraph_078_sent01
paragraph_078,55427,2,Engka maega tau akkuro.,paragraph_078_sent02
paragraph_078,55427,3,"Wettunna tau-tau e ro mengkalinga appaggurungna Yesus, alena heran ladde'.",paragraph_078_sent03
paragraph_078,55427,4,"Alena napau, Tegi pole iyahe tau e we naruntu' maneng i iyahe?",paragraph_078_sent04
paragraph_078,55427,5,Kebijaksanaan aga iyahe engkae akku ale-Na?,paragraph_078_sent05
paragraph_078,55427,6,Maraga carana alena runtu' keajaiban,paragraph_078_sent06
paragraph_079,18271,1,"Pada alena lebbi maega naitai asalamakengnge rilaleng konteks pengilahian iyarega theosis, seddi akkatta untu mancaji mapaccing iyyarega macawe lao ri Allah lalo asseddingeng sibawa Alena ri laleng akkatta nenniya pangkaukeng sebagai pattamba limanna Allah ri linoe, seddi konsep tradisional iya riappagguruang ri Gereja Ortodoks Timur, Gereja Ortodoks Oriental, nenniya Gereja Katolik Timur.",paragraph_079_sent01
paragraph_080,51965,1,"Cajiwi siddi rabi terlatih laleng Yudaisme Reformasi, sibawa siddi jemaat biccu' sekuler non-teistik ki Michigan, Wine mappalebba' liturgi Yahudi eroe mappacamming pakkitang filsafatnya sibawa jemaatnya sibawa mattenre' ri budaya, sejarah, sibawa identitas Yahudi sibawai sibawa etika humanistik, tapi' de'gaga yamanenna pangerelluang sibawa rujukan lo Allah.",paragraph_080_sent01
paragraph_081,17789,1,"Lalengna Gereja Perdana, yemaneng pajama peribadatan naiyyato yemaneng uluna jemaat, padae sidang jemaat iyya alena maneng matoroi, mapake waju beasa iyya beasa napake tauwe esso-esso ku negeri-negeri iyya ipacuei ku kebudayaan Yunani-Romawi, nemung alena maneng yellorengi mapake waju iyya mapacing na de' namarota ku esso-esso suci.",paragraph_081_sent01
paragraph_082,97142,1,"Iyya pade' malanre keadaana iyyanaritu tabukkana tongenge makeda Gereja missengi siare' pole imam-imam papegauna makarawa iyyaro, na ku pamulangna jampangi alena maneng sibawa cara mabelle missengi ejjae iyya alena maneng pegaui na palette jamangi alena maneng pole seddi jemaat jokka jemaat lainge naiyya baliwi maneng.",paragraph_082_sent01
paragraph_083,22783,1,"Nasabari iyya mancadi liwa lumpuh na dena naulle mabbisyara, iyya naulle mappasseddi ala silong maega tau lumpuh na tau fefe laleng Injil, bersyukur ase perawatan iyae fenno pappoji na cakap iyae iyya tarima serta ase harapan elo atuwong kekal ri laleng Kristus.",paragraph_083_sent01
paragraph_084,92565,1,"Obligasi perang yarega War bond iyyanaritu seddi obligasi iyya ipaengka ku seddi negara untu' mpajai perang Siare' perusahaan, bank, pemerintah na lembaga makuasa lainge odding napaengka obligasi laleng denominasi mata uang valuta asing lainge iyya yita lebbi tennang naiyya mata uang domestikna.",paragraph_084_sent01
paragraph_085,74857,1,"Riyolo ajajingeng ana’ worowanena, na purana arreddukeng emansipasi Yahudi ri Rhineland, Herschel lette’ agama pole Yudaisme untu’ maggabung sibawa agama negara Gereja Injili’ Prusia, massule aseng yolo pole Herschel iyya assalenna pole basa Yiddish mancaji Heinrich iyya assalenna pole basa Jerman.",paragraph_085_sent01
paragraph_086,13205,1,Siruntukeng ku onrong KH Zainal Abidi berlangsung kurang lebbi si jam.,paragraph_086_sent01
paragraph_086,13205,2,"Silaturahi yahe untu lebbi fstedde hubungan antar rufa tau sibawa pemeluk aagama, naseng Profesor Zainal Abidin.",paragraph_086_sent02
paragraph_086,13205,3,"Profesor Zainal nafau, hadere para tokoh sibawa pimpinan gereja yaro, nafatanrang anpe keterbukaan untu mabangun hubungan kekerabatan, silaturahmi antara tokoh agama laloi momen Idul Fitri.",paragraph_086_sent03
paragraph_087,7078,1,"Seniman muslim assaleng Kebumen, Jjawa Tengah, eddy Ruswanto, narancang na makkibua kolase Bunda Maria paling maloppo ri dunia iya takkibua pole maddatu sebbu lampa majalah na koran isekna berita passaleng kekerasan rumah tangga.",paragraph_087_sent01
paragraph_087,7078,2,"Kolase Bunda Maria Guadalupe iyaro itaro na ipamerkan ri Museum Mahanandi Jalan Raya Jemursari, Surabaya, selama uleng Desember sebagai bentuk akkuragana nasuarakan keberpihakan gereja okko makunrai na anak-anak.",paragraph_087_sent02
paragraph_088,96868,1,"Unur pura melo tulunge pole Saifuddin Ghazi I pole Mosul na Nuruddin Zengi pole Aleppo, na iyya cilalena mului seddi akewange ku kamp tentara salib; Tentara Salib ipatasoroi pole tembo' ku dare' bua-buae, ku tegi alena maneng magampangi nakenna akewange ikepungi na gerilya.",paragraph_088_sent01
paragraph_089,55752,1,"Nah, yaro kejadiange iyanaritu kiasan pole baptisan yaro makkokkoe alena maneng salamakangi iko maneng.",paragraph_089_sent01
paragraph_089,55752,2,"Yae baptisange taniani seddi upacara mappacakka batang kale pole yamaneng yaro rota'-rota', melainkan iyanaritu jancimu lokka Allah ta'ala pole ati nurani yaro mello.",paragraph_089_sent02
paragraph_089,55752,3,Yaro baptisange nasalamakangi iko maneng nasaba' Yesus Kristus pura tuo paineng pole amatengeng,paragraph_089_sent03
paragraph_090,47867,1,"Okko Amerika Serikat, seruan-seruan barak bok-bok yaro lae acciang okko assikolang-assikolang maderri nabawa lao okko tantangan-tantangan hukum yaro lae alang publisitas luas, biasana madalilkan makkada sihir iyanaro agama yaro lae isseng pemerintah sibawa makkada tindakan laeizinkan bok-bok yaro lae ponro ko assikolang-assikolang publik nalanggar pemisahan pole ko gereja sibawa negara.",paragraph_090_sent01
paragraph_091,30234,1,"Evangelical Dictionary of Theology nabettuang i peran utama na Petrus di antara rasul-rasul e, mabbicara i materi-materi iya na sorong i iyamaneng, riteppu i pole Yesus sibawa aseng iya na hubungangi iyamaneng sibawa batu na Yesus patettong i gereja-Na, pakkampina ana'-ana' gurunna Yesus sibawa nalai peran utama ri gereja pammulanna riteppu i ri laleng Kisah Para Rasul.",paragraph_091_sent01
paragraph_092,104466,1,"Ri era iyae tarompo silong teppuang Penyimpangan Loppo, manakala Abad Pencerahan na Revolusi Ilmiah ri Lino Barat menimbulkan perubahan-perubahan loppo ri bidang kemasyarakatan, agama Kristen difangngolo ri siaga macam bentuk skeptisisme na ideologi-ideologi politik modern tertentu mappada sosialisme na liberalisme.",paragraph_092_sent01
paragraph_093,101432,1,"Dengan mempertimbangkan refleksi atas kemurahan ati idi cidditta ero lembut na adat istiadat ero abadi, yaro melaluinya idi tabbulu biasa untu' malengngi kemurahan ati bagi iyamaneng tau, idi pura pettui untu' peloangi pappojiang ta selekas-lekasnya okkoe tau-tau iye aga, sampenna tau-tau Kristiani nulle ladde si patojoi onroang-onroang siruntu alena maneng sendiri, selama alena maneng de'na bertindak sibawa sala seddi cara ero de'na beraturang.",paragraph_093_sent01
paragraph_094,11843,1,"ku wettu mabarue, pura engka rupangna pangkaukeng untu' 'papajai' tabagenge iyya kajajiang; bangsana sibawa adana ku iyyaro Kristologis iyya yebbu ku Paus Yohanes Paulus II na Patriark Ignatius Zakka I Iwas, sirupa sibawa iyya napegau iyyaro wakele-wakelena Gereja Ortodoks Alau' na Gereja Ortodoks Oriental.",paragraph_094_sent01
paragraph_095,61892,1,"Ku wettuna iyyaro, Henry Crawford iyya sugie, magello gayana na linoe naiyya silesureng makunraina, Mary Crawford, engk ku bolana pendeta untu' monro sibawa Mrs. Grant, deng enya tongena alena maneng, purana sitaung ku Antigua, Sir Thomas nasuro Tom lessu cinampe paterui jamangna alena.",paragraph_095_sent01
paragraph_096,106263,1,"Engka mega klerus, fadae Gereja akki umumna, secara keseluruhan nanikmati gaya tuo mewah yero liwe kontras sibawa kondisi sebagiang loppo penduduk yero monro; ki tega kemewahan yehe ribiayai fole pajak-pajak gereja yero matanre na abbalukeng indulgensi yero berlimpah.",paragraph_096_sent01
paragraph_096,106263,2,"mega pendeta mapendidikan buruk, na doktrin-doktrin spiritual Gereja maderi riabaikan.",paragraph_096_sent02
paragraph_097,53178,1,@LusiHQ @RizmaWidiono Untu' iya umma Katholik perellu mallaporo Anies Baswedan sibawa Sandiaga Uno nasaba' purani nasolangi kesakralan Missa Kudus sibawa ero pelecehan lao Missa kudus umma Katholik.,paragraph_097_sent01
paragraph_097,53178,2,Alena maneng sitongenna perellu millau pertimbangan tentang ibadah okko gereja Katedral nappa tania serobot bawang.,paragraph_097_sent02
paragraph_098,85751,1,"Laputa riteppu akki Kolonel Muska berdasarkan informasinya engkae riruntu pole legenda na kisah laleng Alkitab na attappereng Hindu, engkae jelloreng engkana keterkaitan antara dunia onrong Laputa sibawa Bumi, begitupun sibawa arstiktur benteng abad pattengngah, bangunan gaya Goth ri desa ri sideppe' benteng, aritektur kota tambang sibawa gaya Wales, pakaian, na kendaraan ri onrong aslah Pazu engka ripompo laleng film.",paragraph_098_sent01
paragraph_099,2463,1,"Taleppesang pole indikasi laleng hukum kanon narekko ekskomunikasi otomatis dena berlaku okko makkunrai ero pigau aborsi nasaba rasa mitau ero maladde yarega nasaba masussa tane, Gereja Katolik, okko siliweng pabedang ero, najamin kemungkinanna pengampunan untu' sininna makkunrai ero purae pigau aborsi.",paragraph_099_sent01
paragraph_100,127850,1,"Nasaba alasang yewe jaji ipigaui penyimpanan elemen-elemen ye purae dikonsekrasi, biasanna laleng sedie tabernakel gereja, untu' pabbere Komuni Kudus lao tau malasae nennia nahadapi ajjaleng, nennia to untu' tujuang sekunder, namuni nulle opi iyanjurkan ladde, yenaritu napuja Kristus ye engkae laleng Ekaristi.",paragraph_100_sent01
paragraph_101,15059,1,"Esso Raya Santo Petrus na Paulus, yarega Acara Santo Petrus na Paulus, iyyanaritu seddi esso raya yarega acara liturgi untu' cuku ku kemartiran yemaneng rasul Santo Petrus na Santo Paulus ri Roma, iyya utamana ipegau ku Gereja Katolik Roma na Gereja-Gereja Alau' laleng ade' Bizantium.",paragraph_101_sent01
paragraph_102,16655,1,Maladde upaya saling masserang na saling bela keddi mancaji gejala laleng masyarakat Indonesia.,paragraph_102_sent01
paragraph_102,16655,2,"Habib Rizieq Syihab ero yang dihenni napimping demo aksi bela Islam, cappu nasaba nabela Al Quran furanna diduga dihinakan pole Ahok.",paragraph_102_sent02
paragraph_102,16655,3,"Kin sisumbe elo rifigau aksi bela Yesus, absus furanna ero diaseng mappigau nakkeddai kepada dogma ajaran Kristen okko Desember labe.",paragraph_102_sent03
paragraph_103,38404,1,"Maega tema iyya yakka lalengna puisi iyyae, banna iyya pong parellu iyyanaritu apojingena paladin Orlando ku putri pagan Angelica iyya de' ibali, makkuanaro nebbui Orlando jangeng; apojinge padana prajurit Kristen makunrai Bradamante sibawa seddi Saracen iyya asengna Ruggiero; naiyya perang ku Kristen mewa non-kristen.",paragraph_103_sent01
paragraph_104,61046,1,"Laleng magguru tentang mapuasa ku Muslim, Wilem naera umat Kristen untu mitai tellu nilai penting laleng mapuasa.",paragraph_104_sent01
paragraph_104,61046,2,"Ya bunge, puasa penting untu tuo magello sibawa sehat untu raga, maiga mello duang wettu mapuasa nasaba Fuang ya tentukang tuo idi sibawa tinnya idi alale, serta makebbu gello kususna mabbere sedekah jokka ku tau ya menderita, nafau.",paragraph_104_sent02
paragraph_105,67542,1,"Sibawa yangerangi matengena Kristus ku idi' maneng, idi' maneng odding punnai pikiri na papahange iyya malanre na mapacing, nasaba wettuta maneng pajanengi maraga solina iyya nawaja Yesus untu' mpajaiki manneg.",paragraph_105_sent01
paragraph_105,67542,2,Iyyanaro wettu iyya magello untu' mitai keadaana atie na asilongeta maneng sibawa padata.,paragraph_105_sent02
paragraph_106,14327,1,Tujuanna yanaro untuk buktikangi apagah iko maneng mattongeng-tongene mateppe lokka Puang ato de'.,paragraph_106_sent01
paragraph_106,14327,2,"Ulaweng yaro mulle masolang to, riuji sibawa api.",paragraph_106_sent02
paragraph_106,14327,3,"Nah, iman iko maneng yanaro lebbi berharga pole ulaweng, jaji parellu riuji to supaya mancaji teguh.",paragraph_106_sent03
paragraph_106,14327,4,Dan sibawa makkero iko maneng elo' ripoji na rihormati sibawa ripatanre akko essona Yesus Kristus engka lettu paineng,paragraph_106_sent04
paragraph_107,56919,1,"Engka tau mateppe' makkedae ri rekening  Alkitab, attunruenna Yesus dek na langsung punna metta laona untu ammateang, naiyaro tau laingnge mappuada majeppu makkadae Allah mabbere rupanna tau laingnge iyarega tau laingnge nasellei Yesus na tau makkarobangengnge mappikkiri iyaro tau makkarobangengnge iyanaritu Yesus, nassabari sininna tau mateppe'e iyyaro Yesus iyanairu risalib'e.",paragraph_107_sent01
paragraph_108,112771,1,Gereja Katolik Roma secara khusus na palettukeng kritikan na lao okko tudingan ma kad aero pelleng nge engka ni okko luarak konteks na pakkecubbuang na laleng na dua sebbu taung masalah Piala Suci ero sebenar na sibawa konsep ma kada Yesus Kristus sibawa Maria Magdalena botting nappa na punnai siddi anak ma kunrai.,paragraph_108_sent01
paragraph_109,56088,1,"Menuru’ Gereja, tindakang seksual iyyanaritu mapaccing ri laleng relasi lakkai-baine iyya nacermingkang seddi anugera timbal-bale’ sipongeng tuo na lengka’ antara seddi burane na seddi makkunrai, seddi passaleng iyya halangiwi poligami na pergundikang jaji mancaji umung laleng budaya-budaya riyolo hadere’na Kekristenang.",paragraph_109_sent01
paragraph_110,31753,1,"Engka sarjana Alkitab mappedarang makkada catatan iyaro iyanaritu  bagian pole politik iya mattulili, iya purae ritujunna untu massimangngi ateddekenge iya ri pugau pole suku Yehuda lao ri suku Benyamin, nulle wettu zaman Arung Daud mancaji pangkaukeng pammalessu iyaregga dengki pole Daud lao ri ana buah Arung Saul, sibawa mapeleng curita mennang ri wettu riolo, nenniya ritambai untu lebbi mappannessa alasang pole ri pangkaukeng mennang.",paragraph_110_sent01
paragraph_111,88015,1,"Nasionalisme Suriah natentang iyemaneng rupanna klaim bangsa Arab riyase negeri Syam, sibawa lebbih nautamakan kebangsaan Suriah yewe mencakup yamaneng golongan; iyye tona, nasionalisme Suriah secara umum iyanaritu suatu gerakan sekuler yewe mateppe makeda tau warga negeri Syam bebas nakeddau agama agi-agi yewe engka akki negeri yero, iyero agama Islam Sunni iyarega Syiah, agama Kristen iyarega agama Yahudi.",paragraph_111_sent01
paragraph_112,45646,1,"Frederick II, Kaisar Romawi Suci, purai maccurita-curita rilaleng Perang Salib Kelima, nasuroi tentara pole Jerman, naekiya de'na naccue'i tentara'e secara langsung, namuni engka dorongang pole Paus Honorius III na nainappa Paus Gregorius IX, nasaba parellui nakonsolidasikan posisina ri Jerman sibawa Italia riolona maccurita-curita.",paragraph_112_sent01
paragraph_113,24762,1,"Iyyae pong Isai modereng mawwuju’ seddi poster iyyare’ga pong tongettongeng iyya ipasang ri gereja iyyare’ga ri bolae, na silampe wettu Adven ibeloi sibawa lambang-lambang mattentu sebagai wakkele’ rangkaiang kissa-kissa iyya cappue sibawa kissa ajajingenna Yesus, untu’ kepentingang pendidikang agama anana’e.",paragraph_113_sent01
paragraph_114,116939,1,"Sekretaris Latin Abaqa Rychaldus nafalettu laporan akki Konsili yewe menguraikan hubungan bangsa Eropa-Ilkhanid defana akki iyawa ayah Abaqa, Hulagu, menegaskan makeda furana Hulagu menyambut duta besar Kristen akki istananya, alena setuju untu' membebaskan tau-tau Kristen Latin fole pajak sibawa tuduhan, sebagai imbalan atas doa mereka untu' Khan.",paragraph_114_sent01
paragraph_115,27565,1,"Baik Gereja Katolik Roma nennia Gereja Ortodoks Timur naakui pitu Konsili ri taung-taung pammulang Gereja, nennia Gereja Katolik to naakui seppulo eppa konsili iya lihimpunkan ri taung-taung purana sibawa Paus, iya otoritasna litolak siabwa Gereja Ortodoks Timur apa'na alena naanggap Roma wettu yede engka ki laleng skisma.",paragraph_115_sent01
paragraph_116,76123,1,"Akki Indonesia babi panggang umum iteppu babi guling, masakan babi panggang atau bakar jarang iruntu secara umum nasaba Indonesia iyanaritu negara mayoritas muslim, kecuali laleng provinsi mayoritas non-muslim, fadai Hindu Bali sibawa tanah Batak Kristen akki Sumatera Utara, tau Minahasa akki Sulawesi Utara, Toraja akki Sulawesi Selatan, Papua, tau Dayak akki Kalimantan sibawa to akki antara tau Tionghoa Indonesia.",paragraph_116_sent01
paragraph_117,49066,1,"Wettunna Yesus engka ri Betania, ri bola Simon yaro riolo nakenna lasa uli' yaro bahayae, seddi makkunrai engka lettu lokka ale-Na.",paragraph_117_sent01
paragraph_117,49066,2,"Alena mattiwi' seddi botolo' pualam lise'na minynya minynya yaro masoli', riebbu pole ure' mabau'.",paragraph_117_sent02
paragraph_117,49066,3,"Wettunna Yesus tudang manre, yaro makkunraie nareppa'i yaro botolo'e na natuppa'i yaro minynya minynya'e lokka ri ase' ulunna Yesus",paragraph_117_sent03
paragraph_118,46142,1,Idi' taisseng makkeda Allah purani napile Yesus tau Nazaret e ro nabbereang akku-Alena Roh Allah na kuasa.,paragraph_118_sent01
paragraph_118,46142,2,"Idi' taisseng to makkeda Yesus jokka akku tegi-tegi untu' pigau' deceng; Alena napapaja siningna tau iya nakuasai e ibellisi', nasaba' Allah sibawai Alena",paragraph_118_sent02
paragraph_119,74218,1,"Laleng seni rupa, Hieronimus malessi ditampilkan sebage sala seddi fole eppa Gereja Latin, massama-samang silong  Agustinus fole Hipo, Ambrosius, na Paus Gregorius I. Sebage rohaniwan iyae terkemuka fole Gereja Roma, alena malessi secara anakronistis digambarkan laleng busana khas kardinal.",paragraph_119_sent01
paragraph_120,94750,1,"Pendukung-pendukung konsep mortalitas jiwa, sibawa penghakiman umum, fadai kalangan Kristen Advent, Saksi-Saksi Yehuwa, Kristadelfian, dan Universalis Kristen, berpendapat makeda cerita mengenai tau sogi sibawa Lazarus iyanaritu suatu perumpamaan yewe menggunakan kerangka pandangan Yahudi akan Pangkuan Abraham, bermakna metaforis sibawa tennia aggurungeng definif mengenai keadaan antara nasaba beberapa alasan.",paragraph_120_sent01
paragraph_121,80266,1,"Laleng Talmud, siare'-are' komentator nagugat makkeda Pinehas de'na bermasalah lao kejahatan ye ituduhkan lao riyalena, nennia hanya Hofni ye napigaui, namuni Jonathan ben Uzziel mawwarekkadai makkeda de' seddipun pole keduana yero meja' sipa', nennia bagiang Alkitab yewe, yero naalihkang kesalahan lao rialena, seharusna itafsirkan mancaji kiasan.",paragraph_121_sent01
paragraph_122,42590,1,"Namui degaga seddi salinan pun fole Q yewe fura iruntu, kenyataanna makeda Tomas iyanaritu sebuah Injil yewe lisenna ucapan-ucapan Yesus, fole sesanna tau ipahangi mancaji petunjuk makeda tau Kristen perdana memang maroki kumpulan fole ucapan-ucapan Yesus, sibawa iyyena demikian alenamaneng narasani makeda Injil Tomas makkibbu teori Q fine wedding itepperi.",paragraph_122_sent01
paragraph_123,2050,1,"John Polkinghorne, seddi imang Anglikan sibawa fisikawan to, laleng bo'na iya judulna Questions of Truth, nabahas hal-ihwal hubunganna antara agama sibawa ilmu paddissengeng, ianaritu poko' bahasanna iya to pura nadalami akku ahli-ahli apologetika Kristen lainna sippada Ravi Zaharias, John Lennox, sibawa William Lane Craig.",paragraph_123_sent01
paragraph_124,40624,1,"Tanpa mancaji dogmatis loppo bangsana Calvin, to de'na jenius kreatif laleng lino keagamaang, Beza mappunnai kualitas-kualitas ye naibbuai terkenal mancaji humanis, penafsir Alkitab, orator, nennia pemimping laleng urusang agama nennia politi', sibawa berkompeteng mancaji pemandu kaum Calvinis ri yemaneng Eropa.",paragraph_124_sent01
paragraph_125,124796,1,"Sebagian loppo penduduk Kristen ri Konstantinopel umpa mattolak persekutuan silong fangngala kekuasaan, na matterru mangngadakan kebaktian agama alena, lebbi maega iyae dihadereri darifada gereja-gereja, ri udara tabbukka ri hirinna kota, angkenna aseng Krisostomus mala ondrong ri register na laleng doa-doa fole gereja Konstantinopel.",paragraph_125_sent01
paragraph_126,77015,1,"Kardinal uskup'e iyanaritu pangkat kaminang matanre, yanaritu uskup-uskup keuskupan suburbikaria kuno'e, imang-ngimang'e engka ri rangkang ya maloppo'e, yanaritu kepala tituler na gereja'e iyya berpengaruh'e ri Roma, rangkang ya paccappurengnge iyanaritu kardinal-deakon, iyya secara nominal'e riputtama'i ri sala sewwana diakonia kuno'e yanaritu secara tradisional dekon'e naperhatikang'i properti temporalna Gereja Roma.",paragraph_126_sent01
paragraph_127,22507,1,"iya' tona mitai jiwa-jiwa yamaneng, iyae purae ripenggal ulunna nasaba kesaksian tentang Yesus sibawa nasaba firman Allah; iyae tde'na menyembah olo' kolo e iyae sibawa patungna sibawa iyae de' tona naterimai tandana okko linrona sibawa limangna yamanengro; sibawa yamanengro tuo pemeng sibawa memerintah sebagai raja bersama-sama sibawa Kristus untuk' masa sisebbu taung.",paragraph_127_sent01
paragraph_128,72268,1,"hai pakkanre bawi nappa arope-arope roti, aceh ero khusus..",paragraph_128_sent01
paragraph_128,72268,2,dega mu pahang tentang ero..,paragraph_128_sent02
paragraph_128,72268,3,perellu ga ero aceh macciori budaya bawi mu nappa mario ko..,paragraph_128_sent03
paragraph_128,72268,4,"ajana mega bacot, iko laginna kristen, maga meloko campuruki masalah aceh ero napakewe aturan selleng..",paragraph_128_sent04
paragraph_128,72268,5,beleng,paragraph_128_sent05
paragraph_129,58622,1,"Manurut seddi teolog Kristen, Gordon J. Wenham, akkatta hukum kosher iyanaritu untu mabbantu tau-tau Yahudi napertahankan engkana iyya silaingeng nenniya massarang pole bangsa lainge; alena makkedai iyaro hukum mabbawai pengaruh untu mappeddarang'i sosialisasi sibawa abbotingan sigaruwi sibawa tau dek-Yahudi, iyyae untu mencegah ateddekenna identitas Yahudi.",paragraph_129_sent01
paragraph_130,125225,1,"Simatupang mappau makkada, kalo egana umma' Kristen menre' mencaji dua ato tellu lipa', cajiwi egana pelayan umma' mestinna to menre' mencaji dua ato tellu lipa, aggunanna to umma' awam harus dimaksimalkan, sibawa pelayanan agama Kristen lo masyarakat maloange lalo sikola-sikola, rumah-rumah sakit, sibawa panti-panti asuhan, harus ipamegai.",paragraph_130_sent01
paragraph_131,42293,1,"Het Rijke Roomse Leven peccu sebagai assele' sorongan emansipasi penduduk Katolik yaro makurang beruntung na ridukungi sibawa pilar Katolik Roma, yaro ripangngolo sibawa yamaneng ulama na tania bawang naliputi gereja, tapi' to sikola-sikola Katolik Roma na rumah sakit yaro riurusu'e sibawa biarawati.",paragraph_131_sent01
paragraph_132,15272,1,"Iyae napak tilas rijelloreng lao to Kristen iya massappae rute ziarah napaulle lao pengalaman lebbi mariale pole Galilea sibawa situs pole atuongenna Yesus, naekkiya masseddi sibawa situs-situs bersejarah pole era mallaisengnge, situs-situs suci pole agama-agama laingnge, situs alam, panorama mempesona sibawa hiking lao pada alena iya massappae tantangan fisik.",paragraph_132_sent01
paragraph_133,34559,1,"Naseng teori iyyae, Gihon laleng Alkitab padai onrongna sibawa Karun ku Iran, na Salo Pison padai onrongna sibawa jaringan salo Wadi Batin iyya pura isolori uwwai banna makukuae marakko, banna seddi wettu riolo iyyanaritu bagenge parellu pole Semenanjung Arab iyya yasengi makessing.",paragraph_133_sent01
paragraph_134,99467,1,Akki Pakistan calalena beberapa ronta' kejadiang lalengna hubungenna sibawa aliran yero.,paragraph_134_sent01
paragraph_134,99467,2,Fammulangna fole sala-sedddi rekomendasi Konperensi Organisasi-Organisasi Selleng Seddi-Lino akki Mekah -- yero nafaui Ahmadiyah Qadiani sebagai jemaat yero engka akki saliweng agama Selleng kelompok mayoritas akki Pakistan natuntu' lao Presiden.,paragraph_134_sent02
paragraph_134,99467,3,PM Ali Bhuto bara' untu' jabatan famarenta sibawa militer porsi kaum Qadiani ifasippada sibawa statusna alena.,paragraph_134_sent03
paragraph_135,24000,1,"Sarjana David E. Aune berargumen makkedda kitab-kitab Injil dipolakan mappada biografi-biografi klasik Yunani-Romawi, na gunanna istilah apomnemoneumata oleh Yustin maccakup iya maneng kitab-kitab Injil naulle difahang sebagai rujukang lao ri biografi tarrukki mappada Memorabilia Xenophon afa kitab-kitab aro melestarikan ajarang aslinna Yesus.",paragraph_135_sent01
paragraph_136,127215,1,"Untu' siaganna tau Kristen, nubuat iye ritepperi pura rigenapi sibawa ahaderekengna Yesus Kristus pole Nazaret na pengajaran-Nya ri Bait Suci engkae ripugar akki raja Herodes na damai engkae rianugerahkan Allah untu' sininna umat manusia sibawa ta'bagena tirai engkae mabatasi Ruang Mahakudus ri wettu matena Kristus.",paragraph_136_sent01
paragraph_137,74881,1,"Dua bait parellu de' nengka lipake, yare'ga kurang pole sitengga bait iya liyala.",paragraph_137_sent01
paragraph_137,74881,2,"^ Alessia Fassina nanyatakan makkeda garrula anus iya liteppu sibawa Hieronimus sitongenna yanaritu Melania si Toa, sibawa Sigrid Schottenius Cullhed berpendapat makkeda Hieronimun se' napedang tentang tau tegapun, nennia lebbi lao gaya tau iya de' sejalan sibawa kotbah Injil.",paragraph_137_sent02
paragraph_138,13392,1,"Untu nattanggapi skandal iya merebak, Gereja Katolik pura napattette prosedur-prosedur resmi untu mencegah kedo pelecehang, untu mengimbau masyarakat supaya melaporo kedo-kedo pelecehan iya pura kajadiang, laleng untu manangani laporang-laporang tersebut laleng segera, namuni efektifitas pole prosedur-prosedur e ipermasalahkang pole kelompok-kelompok iya mawakkeleki para korbang pelecehan.",paragraph_138_sent01
paragraph_139,16872,1,"Angkalingai perumpamaan yaro seddie paineng, ada Yesus.",paragraph_139_sent01
paragraph_139,16872,2,Seddi tau puang tanah natanengi sielle' dare' anggur.,paragraph_139_sent02
paragraph_139,16872,3,"Alena mappasang sappo ri sekelilingna, na makkae' kalibbong untuk pakkakkasa' papperra anggur, nappa mappatettong menara jaga.",paragraph_139_sent03
paragraph_139,16872,4,"Purana yaro nasewakan yaro dare' anggur e lokka paddare'-paddare', nappa mangnguju lokka negeri laing",paragraph_139_sent04
paragraph_140,73065,1,Tolkien Way ku Stoke-On-Trent iwarengi aseng pada sibawa aseng ana' urane J.R.,paragraph_140_sent01
paragraph_140,73065,2,"R. Pastor John Francis Tolkien, iyya pura mancaji imam iyya majama ku Gereja Katolik Roma iyya de' namabela pole kuro yanaritu Our Lady of the Angels na St. Peter in Chains.",paragraph_140_sent02
paragraph_141,12962,1,"Untuk alasan-alasan yede nennia Wewenang Mengajar Gereja de' naceri makkeda, sesuai sibawa kondisi makukkue laleng paddissengeng-paddissengeng rupa tau sibawa teologu sakral, penelitian sibawa pembahasan-pembahasan sibawa tau-tau iya berpengalaman laleng kedua bidang yaro lijama laleng kaitanna sibawa ajaran lao evolusi, sipungenna naselidiki lao laleng asal-usul alena tauwwe pole pra-eksistensina sibawa materi tuo.",paragraph_141_sent01
paragraph_142,2751,1,"Mate nennia kebangkitanna Yesus lazimna iyanggap mancaji peristiwa-peristiwa terpenting laleng teologi Kristen, salah seddi passabarenna yenaritu nasaba' peristiwa-peristiwa yewe menunjukkang makkeda Yesus makkuasa yase' tuo nennia matena, nennia akku nasaba' yero berwenang nennia makkuasa untu' naanugerahkang tuo kekal'e lao umma' manusia.",paragraph_142_sent01
paragraph_143,25730,1,"Umat Kristiani, menurut para pemikir aro, seharusna massalai abiasang iyae bergantung ri para narasumber Yahudi na mappigauri arrekengang sendiri untu mappattentu huleng aga iyae diteppu Nisan, menetapkan Paskah sesuai perhitungan independen eddi, Nisan Kristiani, iyae elo malessi menempatkan perayaan aro furanna ekuinoks.",paragraph_143_sent01
paragraph_144,66184,1,"Sedangkan paket yero lebbi maju jokka akki komputer pribadi na funnai mabela lebbi mega fitur, natampilkan lebbi mega rufanna sumber teologis, na nulle natawarkan fitur-fitur fadai sinopsis na harmoni fole naratif Injil, morfologi na pasappareng sintaksis fole teks asli, diagram kalimat, catatan pappake, penyorotan manual na dinamis, tampilan leksionari, nappa laingna.",paragraph_144_sent01
paragraph_145,16102,1,"Alena menjabat caji siddi pendeta ki stasiun-stasiun eroe mattama'to Kollupitiya, Wellawatte, Kandy, Badulla, Galle, Kalahe, Mutwal sibawa Seeduwa; alena melayani siwettu dua tang ki Kollupitiya dan Wellawatte, siddi sitenga taung ki Kandy, dua taung ki Kalahe, tellu taung ki Mutuwal, sibawa tellu sitenga taung du Seeduwa.",paragraph_145_sent01
paragraph_146,120241,1,"Laleng gereja beccu engka rupangna fresko ebbuna seniman-seniman Abad Patengang Pacapureng, yanaritu Cimabue na Giotto; laleng gereja loppo engka fresko-fresko carita atuongena St Fransiskus iyya pamulangna yasengi mancaji ebbuna Giotto, banna makukuae yasengi mancaji ebbuna seniman-seniman laleng kalompo' Pietro Cavallini pole Roma.",paragraph_146_sent01
paragraph_147,20126,1,"Posisi minoritas diwakili fole edisi The Greek New Testament According to the Majority Text oleh Zane C. Hodges dan Arthur L. Farstad yewe berpendapat makeda jenis teks Bizantin iyanaritu jenis teks yewe lebih fammulang dibandingkan sibawa teks Aleksandria, nasaba fura engka laleng tulisan para Bapa Gereja defana mompona teks Alexandria.",paragraph_147_sent01
paragraph_148,115167,1,"Katekismus Pius X yenaritu perwujudanna katekisme sederhana, sederhana, cina', populer untu' appakengeng seragam ri seluruh lino; yero ipake ri provinsi gerejawi Roma nennia selama siare'-are' taung ri bagiang laing Italia; Tapi, yero de' naitentukang untu' ipake ri yemaneng gereja universal.",paragraph_148_sent01
paragraph_149,87199,1,"Menuru' Katekismus, akkibburukengna tau iya matewe na ianaritu seddi paggaukkang pammase iya harusu' e ipugau' akku alalena sibawa horma' na pammase jaji paratte'-paratte' sippada pamali' awu tau mate iya ikremasi sibawa akkibburukeng ri kibburu' de' e gaga tanrang na yacciang laleng Gereja Katolik.",paragraph_149_sent01
paragraph_150,6220,1,"Gereja iyyae napajokka jamang-jamang na lembaga-lembaga sosial ku iyya maneng linoe, matamana'to sikola-sikola, universitas-universitas, bola-bola tau sakit, misi-misi na abolangeng, naiyya kalompo'-kalompo' bangsana Catholic Relief Services, Caritas Internationalis na Catholic Charities iyya tulungi tau kasi asi, kaluarga-kaluarga, tau macuae, na tau malasae.",paragraph_150_sent01
paragraph_151,211,1,Irman iyanaritu ana’ burane Minangkabau tomaanna Gusman Gaus sibawa Janimar Kamili.,paragraph_151_sent01
paragraph_151,211,2,"Ambo’ na pura menjaba’  mancaji Rektor Universitas Muhammadiyah Sumatera Barat, naikiya indo’ na iyanaritu ana’  pole pabbalu ulaweng iyaro mattujung.",paragraph_151_sent02
paragraph_151,211,3,"Irman na selesaikangngi asaikolangna sarjana akku Fakultas Ekonomi Universitas Kristen Indonesia, sibawa runtu’ patellareng Master of Business Administration pole Graduate School of Business, University of Bridgeport, Connecticut, Amerika Serikat.",paragraph_151_sent03
paragraph_152,127317,1,"Laleng Gereja Katolik, yamaneng tau yewe mate dunia laleng rahmat sibawa persahabatan sibawa Allah, namui mofi defa dimurnikan secara sempurna, memang terjamin keselamatan kekal mereka; tetapi matena mereka menjalani pemurnian, untu' mencapai kekudusan yewe yapparelluangi untu' mattamai kebahagiaan surga ataupun pemurnian akhir tau-tau yewe ipilih, yewe fada sekali berbeda sibawa hukuman bagi tau-tau yewe terkutuk.",paragraph_152_sent01
paragraph_153,114598,1,"Selama periode yaro mappadae Apokafkos to peccu, sibawai sibawa Dimitrios Chomatinos na Georgios Vardanis, sebagai sala seddi pendukung terkemuka Epirus kemerdekaan politik na gerejawi pole Kekaisaran Nicea, ri tega Patriark riasingkan Konstantinopel monroi purana iyaro kotae meddu lokka Tentara Salib.",paragraph_153_sent01
paragraph_154,73352,1,"Ana' urane na ana' makunrai pole seddi hamba iyya itikkeng mennau iyya lari ku gereja, itiwi massu na ipabuta, rekko alena maneng umuru'na sepulo taung yarega kurang, melo ipaleppe; banna ku alena maneng lebbi macua pole sepulo taung alena maneng melo ipancaji budak na lenye yemaneng waramparanna maneng.",paragraph_154_sent01
paragraph_155,66715,1,"Nainappa Yesus nacciang tau e ro caritang hale' e ro akku nigi-nigi, Na-seng, Jokkani akku imang, na millau alena untu' pannessai idi' pajani.",paragraph_155_sent01
paragraph_155,66715,2,"Nainappa jokkani persembahkan karoba sippada iya iparentangeng Musa, mancaji butti akku tau-tau makkeda idi' tongeng-tongeng pajani.",paragraph_155_sent02
paragraph_156,58269,1,"Alkitab purani naita riolo makkeda Allah napaullei tau-tau tania e Yahudi makanja' paimeng sibawa Allah, narekko alena mateppe' akku-Alena.",paragraph_156_sent01
paragraph_156,58269,2,"KAreba makanja' e ro yappudang i yolo' akku Abraham ilaleng na jancie e he, Lalo akku idi', Allah nabarakkakiwi siningna umma' tau e ri lino e we.",paragraph_156_sent02
paragraph_157,44996,1,"Alena maneng wedding pegau' abbottingeng sah, mappatettong akkebburukeng alena mato, lolongeng ising monro ku para imang asing, ipabebasa'i pole paja' perusahaang na paja' properti, wedding naajukang permohonang pole dana negara, na anggotana wedding napolo paja' pakkumaja anggota na hadia lao ri jemaat iyyare'ga komunitasna.",paragraph_157_sent01
paragraph_158,4161,1,Alena nullei patennang ki wettutta masara.,paragraph_158_sent01
paragraph_158,4161,2,"Paulus naoki', Aja' ta masara agi-agi kajajiang, naikiya ialaleng na gau' e e pau i parillaummu akku Allah lalo doang na parillaungeng iya engak e to sukkuru' ilaleng na ; na anyamengeng pole Allah, iya lebbi mariolo daripada sininna akkaleng, melo' najagai atitta sibawa agalakeng mental ta lalo Kristus Yesus .",paragraph_158_sent02
paragraph_159,92728,1,"Memeng iko mi mapikiri agguruang Kristen ero makkadae tau-tau non Kristen laiyasenge domba sesat, ero dena menghina?",paragraph_159_sent01
paragraph_159,92728,2,"Coba deh sebelum luppe palla ko lebbi mabela, cek nappa analisa agguruang-agguruang Kristen ero tania bawang menghina, Kristen mallise ajaran cabul toi ero dena pantas laiyasenge mancaji kitab suci",paragraph_159_sent02
paragraph_160,19988,1,Maka alena maneng na Paulus napa'tentu seddi esso untuk siruntu'.,paragraph_160_sent01
paragraph_160,19988,2,Akko yaro essoe maega tau engka lettu' lokka onrong monrona Paulus.,paragraph_160_sent02
paragraph_160,19988,3,Pole ele' lettu araweng Paulus naterangkan na akkarebang lokka alena maneng kareba tentang pekkoga Allah ta'ala mapparenta sebagai Raja.,paragraph_160_sent03
paragraph_160,19988,4,"Sibawa mappake ayat-ayat pole Bobbo Musa na Bobbo Nabi-nabi, Paulus mangngusaha mebbu alena maneng mateppe tentang Yesus",paragraph_160_sent04
paragraph_161,16595,1,"Uskup-uskup Katolik Timur odding maccueri rupangna heraldik Gereja Roma, iyya napitangi topi gerejawi makupel mapance na wiringna malebba, nemung perisaina lalena maderi igambara' maccueri rupangna heraldik Bizantin, na ku naipatngi silongna makkuanaro modele' silongna padae sibawa silongna iyya ipake lalengna ibadat nasene ritus maengna.",paragraph_161_sent01
paragraph_162,71982,1,"Novel eddi maccaritang simbolog Robert Langdon na kriptolog Sophie Neveu furanna seddi peristiwa pembunuhan ri Museum Louvre ri Paris, sisenna alena mancadi terlibat laleng ammusureng antara Biarawan Sion na Opus Dei terkait kemungkinan makkedda Yesus Kristus nabottini Maria Magdalena.",paragraph_162_sent01
paragraph_163,38726,1,"Alena dena punnai yurisdiksi lansung makanja atas para patriark leang melo to Gereja-Gereja Ortodoks otokefalus, namun alena, okko antara rekang padanna primat, iyanaritu salah siddi iya berhak e menghimpun sinode luar biasa iya anggotana para rekang primatnya sibawa/iyaregga para delegasi mereka untuk ma bahas situasi ad hoc sibawa pura topa na himpung sinode pan-Ortodoks iya padat e-hadirin itu laleng eppa dasawarsa paccappureneg.",paragraph_163_sent01
paragraph_164,3673,1,"Sure'ku yaro ponco'e iya' uki' lokka iko sibawa bantuanna Silas, yaro iya' anggap seddi sessureng Kristen yaro setia.",paragraph_164_sent01
paragraph_164,3673,2,Yaro elo' mabbere sorongan lokka iko na yakinkangi iko maneng makkeda aga yaro iya' uki' yae kareba yaro tongenge tentang rahmat Allah ta'ala.,paragraph_164_sent02
paragraph_164,3673,3,Parelluni iko maneng makkatenni teguh akko yaro rahmat e,paragraph_164_sent03
paragraph_165,107366,1,"Ammusungeng Husite, iyyato riteppui Ammusungeng Bohemia iyyarega Revolusi Husite, iyyanaritu konflik iyya langsunggi antarana kelompok Husite mewai raja-raja Eropa iyya meloi passai wewenang Gereja Katolik Roma ase kaum Husite; rupanna faksi Husite iyyato sibali berseteru, uttamana kelompok Utraquis iyya tentanggi Husite sibawa tau Katolik.",paragraph_165_sent01
paragraph_166,110108,1,"Duanna engka akku Sir Leigh Tebing, tau ahlu Piala Suci iyanaritu sibangna Landing, iyaro na klaim makkada Piala tania siddi onroang naikiya Maria Magdalena, tongeng-tongeng mattampu sibawa bene pole Yesus Kristus, sibawa piala iyaro ibentuk untu’ na lindungi abbattirengna alena.",paragraph_166_sent01
paragraph_167,24581,1,"Lembaga-lembaga iye engka massemang-semang untu' napunnai dampak maloppoe ero alena nulle ri wilayah ero sibawa dena malejja siddi sibawa lainna jari-jari ajewe, tetapi mateppe' narekko sininna organisasi nulle pigau bageanna alena laleng napappura tugas mabbawa Alkitab lo wilayah linoe ero.",paragraph_167_sent01
paragraph_168,55234,1,"Namuni, yewe de' naberhasil, nasaba' menuru' Gregorius pole Tours, Amalarik natekanna untu' nasalai iman Katolik Romanya nennia beralih lao agama Kristen Arianisme, akku seddi wettu ikalahkangi lettu' alena maddarah, alena nakirim lao silengsurenna Childebert I, raja Paris handu' berlumurang darahna sendiri.",paragraph_168_sent01
paragraph_169,51999,1,Idi' maneng sangi' massukkuru' lokka Allah ta'ala nasaba' Saudara yamanengna.,paragraph_169_sent01
paragraph_169,51999,2,"Setiap idi' maneng millau doang lokka Allah ta'ala na Bapa'ta, idi' maneng sangi' mingngerrang manengko.",paragraph_169_sent02
paragraph_169,51999,3,Idi' maneng sangi' millau doangko.,paragraph_169_sent03
paragraph_169,51999,4,"Idi' maneng mingngerrangi pekkoga ikko maneng ma'jellokangi laleng kedo makkeda iko maneng mateppe lokka Kristus, pekkoga iko maneng mammaseangi tau laing gangkenna mulayani manengi, na pekkoga iko maneng rennuangi sibawa kejje lokka Puangta' Yesus Kristus",paragraph_169_sent04
paragraph_170,115469,1,"Ri pallawangna siningna passalengngewe lainge iya pura'e ripogau untu adecengenna sibawa manfaat bage wanuwaewe, riyellauwi kuwammengngi naripattentu iya manenna situru sibawa hukum sibawa disiplin publik rakyat Romawi, sibawa untu ripanassa'i makkada'e maega tau-tau Kristiani, iya dek naccoweriwi praktik leluhur'na, parellu paimang lisu lao ri pikiran yang sehat'e.",paragraph_170_sent01
paragraph_171,74065,1,"Namuni makkuwaro, macahoro tau Romania de'na maelo' nabali' teppe'na, na iyyae kajajiangnge nassabari mompoona gerakang-gerakang Ortodoks Rumania iyyae perjuangangi kebebasang beragama untu' sininna tau Transylvania  -  parellu riperhatikang majeppu gerakang-gerakang'e ripaloppoi pole Visarion Sarai, Nicolae Oprea Miclăuş, nenniyya Sofronie pole Cioara, ri yawa pengarunna Gereja Serbia iyyae kaminang maega.",paragraph_171_sent01
paragraph_172,80384,1,Alena lo madepungeng ku alun-alun kota sibawa manre masibawa penduduk Kristiani sibawa laleng seddi meja lampe.,paragraph_172_sent01
paragraph_172,80384,2,Saling sisapa laleng suasdana ya hangat sibawa mmangkelinga alunan elong fole orkestra Bulgarian folk.,paragraph_172_sent02
paragraph_172,80384,3,"Festival yahe ih anggap tinnya bawang wedding tambah semarak allepereng bawang, tapi toh fatedde hubungan ataragama serta sikap saling toleransi.",paragraph_172_sent03
paragraph_173,61720,1,"Karya-karya riyoki e ladde ihargai kui Bapa-Bapa Gereja furana, baik ri Gereja Barat namoni ri Gereja Timur, ya wedding irita betapa isi karya-karya iyoki yero mappitangngi bakti ya maloppoi lao Sang Firman ya mancaji tau, perhatian ya maloppoe lao urusan-urusan pastoral, sibawa minat ya maloppoe lao monastisisme.",paragraph_173_sent01
paragraph_174,121616,1,"Perangkat lunak Alkitab biasana irancang untu' nafagampangi pencarian kata sibawa frasa, untu' mengakses catatan Alkitab aggurungeng sibawa tafsiran-tafsiran, referensi berbagai terjemahan modern, referensi silang bagian sibawa topik serupa, kamus Alkitab, teks bahasa asli sibawa alat-alat bahasa, peta, bagan, sibawa e-book lain yewe dianggap relevan untu' memahami teks-teks fole sebuah pendekatan filologis.",paragraph_174_sent01
paragraph_175,83435,1,Jaji Ananias jokka toni lao bola e ro na nataro limangna ri yase'na Saulus.,paragraph_175_sent01
paragraph_175,83435,2,"Sulengsureng Saulus, naseng Ananias, Puang Yesus iya Sulengsureng taita ri tengnga laleng wettunna Sulengsureng lao akkuhe, Alena na suroka engka bara' Sulengsureng wedding makkita paimeng na ikuasai akku Roh Allah.",paragraph_175_sent02
paragraph_176,28876,1,"Yolona, ku pamulang aha' iyyaro, iyya mabaca okina Lukas macarita kajajiang ancajingena Yesus, na iyya upajenengi makeda ku esso Natal iyya pamulang iyyaro de' nengka acara, hadida, na anre loppo bangsana iyya idi' maneng pegaui makukuae.",paragraph_176_sent01
paragraph_176,28876,2,"Banna iyya manessae, ku rate engka asembange.",paragraph_176_sent02
paragraph_177,10014,1,"Jaji tau-tau iya purae isogo' ro makkedani akku Yesus, Pa' Guru, idi' misseng i makkeda siningna iya Bapa' pau sibawa pagguruang e ro coco' i.",paragraph_177_sent01
paragraph_177,10014,2,"Idi' misseng toi Bapa' mappagguru na terus terang aga naeloki Allah untu' tau e, nasaba' Bapa' de' ta ita tau",paragraph_177_sent02
paragraph_178,89409,1,"Bahwasanya pihak-pihak iyae terlibat laleng dialog fassaleng isu aro mallaineng, siullena mungkin, isu-isu teologis fassaleng asal usul Roh Kudus fole isu-isu eklesiologis fassaleng primasi na otoritas doktrinal laleng Gereja, bahkan ri hettu iyya mabbahas kedua permasalahan aro silong toneng, secara massama-samang.",paragraph_178_sent01
paragraph_179,8518,1,"Injil Sinoptik adalah Injil Perjanjian Baru laleng Alkitab ero leroki’ okko Matius, Markus, siba Lukas.",paragraph_179_sent01
paragraph_179,8518,2,"Injil sinoptik marepe’ladde roki kisah ero pada tentang Yesus, namun sibawa penjelasan siba lampe’ ero berbeda, namun mapunnai urutan ero pada siba mega mapake kata ero pada.",paragraph_179_sent02
paragraph_179,8518,3,Kemiripan ko antara tellu buku tersebut macawe ladde sehingga mega peneliti ero tandai sebagai masalah sinoptik.,paragraph_179_sent03
paragraph_180,16876,1,"Nasaba' yaro Yesus makkeda lokka alena maneng, Matu' rekko iko maneng pura mupatanrei Anak Tau, iko maneng mulle missengi makkeda 'Iya'na Alena yaro riteppu IYA ENGKA', na iko maneng melo' missengi makkeda de'gaga seddi agaga yaro Kujama pole ale-Ku tommi.",paragraph_180_sent01
paragraph_180,16876,2,Iya' bawang paui aga yaro ripagguru Bapak lokka-Iya',paragraph_180_sent02
paragraph_181,48733,1,Tuanku Abdullah Saleh ero iyenaritu tau pendeta siddie ulama ero maloppo ladde perhatianna lao ilmu Tasawuf jaji kitab Hikam Ibnu 'Athaillah alena hapala okko siliweng ulunna.,paragraph_181_sent01
paragraph_181,48733,2,"Alena toi tau macca ahli ade', jaji tania bawang urusan agama ero nakkutang tauwe lao alena, bahkan urusan ade' toi.",paragraph_181_sent02
paragraph_181,48733,3,Agguruang Imam Al-Ghazali tentang khalawat laiyanre ladde pole alena.,paragraph_181_sent03
paragraph_182,18838,1,"Yesus ma'jawab, De'pa mu engka manengka ma'baca aga yaro rijama Daud, wettunna Abyatat bertugas i mancaji imam agung.",paragraph_182_sent01
paragraph_182,18838,2,"Wettu Daud ma tau-taunna malupu', na de'na mappunna anre, alena mattama' lokka Bola Puang, na manre roti yaro pura ripersembahkan lokka Allah ta'ala.",paragraph_182_sent02
paragraph_182,18838,3,Na yaro rotie riabbereangna to lokka tau-taunna.,paragraph_182_sent03
paragraph_182,18838,4,"Padahal menurut agamata', imam-imam bawang yaro mulle manrei yaro rotie.",paragraph_182_sent04
paragraph_183,118696,1,"Naekiyya, suku Vandal makkareso sipungeng siare’ dekade untu’ nappassang atepperenna Arianna lao raya’ Nicea Afrika Utara iyya engka ri yawa akuasangenna, naasingkangngi para klerus Nicea, napabubara’i biara-biarae, na mabbere tekanang matane’ lao umma’ Kristen Nicea iyya denasilaras sibawa alena maneng.",paragraph_183_sent01
paragraph_184,128436,1,"Missenggah idi tofi kerucut taung baru tanda selleng fura murtad, tofi taung baru yg mabbentu kerucut ternyata yanaritu tofi dengan bentu yang di difau sanbenito.",paragraph_184_sent01
paragraph_184,128436,2,"Yakni tofi yg difake selleng Andalusia untu natandai narekko alena fura murtad, diaha penindasan gereja Katholik Roma yang menerapkan inkuisisi Spanyol.",paragraph_184_sent02
paragraph_185,103152,1,"Tau ero dena manessa agamana, mita photo lakkai baine sedang makkatenni persilahkan santapan ulu bahi di ase mejang manre na nacoeri peribadatan digereja.",paragraph_185_sent01
paragraph_185,103152,2,"Tau pekkeddi elo diakka jaji gubernur Sumut, bafa Djarot asli selleng ambisi elo jaji gubernur Sumut sedia makkelong koor kebaktian di gereja, tergadai agama nasaba elo jaji pemimping, di tikkenang layar pesang yang nakirinang melalui WhatsApp.",paragraph_185_sent02
paragraph_186,91483,1,"Jurusan Pastoral Konseling napunnai akkatta untu' passadiyangeng calon pelayanan gereja iya punnai keahlian khusus untu' bimbing anggota gereja iyarega individu, lao ri appahangeng alessingeng tasiddie-siddie padaalena ri wettu nahadapi masala iya pribadi sibawa untu' pallebbangi nenniya mappake potensi alena iya riwereng ri laleng pelayanan gereja, malabberi kualitas kepribadianna mancaji konselor pastoral.",paragraph_186_sent01
paragraph_187,59999,1,"Pengkalingae naulle napahangi pappaseng pole Tuhan barue secara kiasan lao ri Aeschylus The Eumenides; ironi naulle pappada Eumenides de'na gaga Tuhan baru naekiya Erinyes ri laleng bentu baru, pappada to Tuhan Kristen'e de'na gaga Tuhan baru naekiya Tuhan iya nasompa tau Yunani'e riyaseng Allahtaala iya'e de'na riisseng.",paragraph_187_sent01
paragraph_188,97630,1,"Komunitas gabungan ewe gelar buka puasa bersama sibawa anak-anak panti asuhan Al Ikhwan, Kelurahan Kombos, Kecamatan Singkil, Kota Manado.",paragraph_188_sent01
paragraph_188,97630,2,"Selain buka puasa bersama, siba leyaleng santunan ero merupakan sisihan rejeki pole para pengusaha online, pengemudi Gojek siba anggota Jeep Manado Siaap.",paragraph_188_sent02
paragraph_188,97630,3,"Idi pole umat kristiani peduli, umat muslim peduli.",paragraph_188_sent03
paragraph_188,97630,4,Iyena idi Indonesia.,paragraph_188_sent04
paragraph_189,39734,1,"Siare'-are' kritikus makkeda narekko' Gereja nennia ajarang-ajarang pole St. Paulus, para Bapa Gereja nennia teolog skolastik napelihara seddie gagasang makkeda inferioritas makkunrai itetapkang secara ilahiah, kendati ajarang resmi Gereja naita kaum makkunrai nennia kaum orane pappada, de' napada, nennia saling melengkapi.",paragraph_189_sent01
paragraph_190,82212,1,"Eronitu atappereng umum, majjello rewe lo narasi alkitab pole Menara babel makkada megae rupann bahasa passabari konflik politik, tapi' atappereng iyyewe kontradiksi sibawa fakta makkada mega episode-episode kekerasan utama lino caji ki situasi sibawa mega rupanna linguistik eroe mapance' mappada Yugoslavia sibawa Perrang Sipil Amerika, ato genosida pole Jerman Nazi sibawa Rwanda, namona mega unit-unit politik eroe stabil pura ladde' multilingual.",paragraph_190_sent01
paragraph_191,128231,1,"Nennia idi meneng patterui matena yamaeng ro, Isa putra Maryam, sebagai penggenne hal-hal iyae maddioloe, yanatu sebagian lisena Taurat; sibawa purani idi maneng mabbereangi okko alena, Injil mallise Bimbingan sibawa cahaya terang, supaya paggennei hal-hal iya maddioloe pole Taurat, iyatona sebagai pengajaran untu' golongan bertakwa, makkuniro hendaklah yamaneng pewaris Injil, pettui perkara berdasar hal-hal iyae Allah palettuengi rilalaeng hal iyaero.",paragraph_191_sent01
paragraph_192,47490,1,"Koester nabettuang pakkitang umumna sarjana'e majeppu Yustin naangga'i catatan kenangan rasul-rasul'e sebagai catatanna sejarah iyya coco' naekiya tenniya uki-uki iyya risurui, naiyyaro sarjana'e Charles E. Hill, naekiya naakui pakkitanna sarjana'e, mappikkiri'i Yustin naitai kutipan-kutipan iya napatuju'e nabi-nabi'e ri lalenna Injil'e pada-padai otoritasna.",paragraph_192_sent01
paragraph_193,101099,1,"Struktur Katekismus Heidelberg diuraikan laleng pertanyaan yewe kedua, sibawa struktur tellu bagianna akkewe didasarkan akki ateppereng makeda karya tunggal keselamatan mengungkapkan ketellu pribadi fole Tritunggal akki giliranna, memperkenalkan Allah sibawa sempurna sibawa yewe sangat irisseng melalui karya keselamatan-Nya, merujuk femeng akki Pengakuan Iman Rasuli sebagai ringkasan fole iman Kristen.",paragraph_193_sent01
paragraph_194,12967,1,"Menurut kisah legenda, Yusuf na Maria rifaleppang akki wettu larinna ri laleng ale belukar; ana lolo Yesus wedding naperintahkan fong untu' mabukku' akki yawa lettu Yusuf wedding mala buahna na nappa memerintahkan wai fole mata wai menyembur akki saliweng fole ure jaji tomatoanna yero wedding memuaskan dekka mereka.",paragraph_194_sent01
paragraph_195,50514,1,"Tuduhan-tuduhan lona ajaran sesat naliputi tindakan mammiccu, malejja-lejja, yarega natemei salib; sambil telanjang, nimmaui secara vulgar fole pasanganna ri bagiang timunna, pusar na bagiang yawa bo monri; ajaran sesat na appesompangeng berhala; homoseksualitas yero taorganisasi; na to tuduhan yase penghinaan akki Misa Suci na ciana akki sakramen.",paragraph_195_sent01
paragraph_196,84639,1,"T. Seddi-seddinna ga asennangeng Silessureng, mauni ri wettu tuwo namuni ri wettu mate J. Makkada iyya, sibawa watakkale nenniya jiwaku, mauni ri wettu tuwo namuni ri wettu mate, tania punnaku naekiya punnana Yesus Kristus Juruselamatku iya amtinulu; Sibawa dara-Na iya de'na ternilai ellingna, Alena pura paleppe'i sining inreng dosaku, nenniya napaleppe' ka pole sining kuwasa iblis.",paragraph_196_sent01
paragraph_197,125549,1,"Menurut Craig Blomberg, seddi karakteristik iyae engka okko yamaneng mukjizat iyae najama Yesus rilaleng kisah-kisah okko Injil yanaritu makkeda alena jamai degaga imbalanna rilaleng bentu' apapun okko yase adisingenna iyae riterima tau-tau, de' napada siagang imam maloppoe wettunna Yesus tuo rulino iyae mengenakan biaya okko yamanengi iyae  mengalami adisingeng.",paragraph_197_sent01
paragraph_198,61111,1,Pidato pelantikanna dessa nakesankan.,paragraph_198_sent01
paragraph_198,61111,2,"Yero nulle nengngerangngi tauwe iyanaritu makkeda alena, tau Kristen salih fole Georgia yewe, iyala fole Wasiat Lama, akki nafaue Mikah fassaleng keadilan, belas-kasih sibawa mecce atinna.",paragraph_198_sent02
paragraph_198,61111,3,"Menuru' ceritana calalena nappa, alena sitongengna melo malai adanna Sulaiman - fassaleng farellunna rakyat fameccewi atinna, marellodoang, sibawa giling fole ampe kedo majassifa'na alena.",paragraph_198_sent03
paragraph_199,35169,1,Ramiz Jaraisy iyya iyyato matama' seddi tauna Kristen Palestina materangka iyyae pelenge iyyanaritu ebbu iyya parelly iyya nacaritange kajajiang iyyaro pole akitang tauna Kristen Palestina mancaji papasilainge na silainge sibawa modele' iyyae carita iyya yebbu ku Israel na mancaji rencana iyya maegangi ku rate..,paragraph_199_sent01
paragraph_200,103753,1,"Yede tannia misi terkoordinasi secara keseluruhan, nennia yanaritu misi sporadik iya lijama sibawa yamaneng biarawan Gaelik pole Irlandia sibawa pantai barat Skotlandia modern, iya berkontribusi laleng penyebaran agama Kristen sibawa pendirian monasteri-monasteri ki Britana sibawa benua Eropa ri Abad Pattenggangeng.",paragraph_200_sent01
paragraph_201,25013,1,"Paroses magguru materu terru pole Taurat sibawa Talmud wassele pengabdian lao ri Yudaisme iya naseng'e tau Yahudi de'na wedding tuwo na de'na gaga agamata, naekiya de'na pada na sadar'i iyae passaleng'e secara jelas lettu'na wettu perang salib, wettunna pada alena malewe dipakkasiwi untu mappile antara atuo-tuongenna sibawa teppe'na.",paragraph_201_sent01
