file_id,recording_id,fold,reference,hypothesis
1,1,1,"Silasureng ma labbiku ya maneng. Engkani gari olo tabo angkai gambara'. Nareko sadiani, madijengani ripa mulai. Rieng ngerangi makkadae, narekko rieng kalingani sa' danna mosi'e, ritimpa'i bokta'law risiwalinai. Madijengani mareng kalinga, sibawari tana gambara'e.","silas surung malebbikku iyamaneng, engka'ni gari oloh ta'bu engka'i gambara na, narekko sadiani, madecenganni ripamulai. Rieng erangi makkedae, na rikko rieng kelinga'ni sadanna mossi'e, ritimpai botalaori siwalinna'e. madecenganni maring kelinga, sibawari tanah gambara e."
2,1,1,"Gambara seddi, ripa mulana, deppa gaga taulino, olok-olok, tasi, poko aju, mata asso, anrengeto papaimang, ia angkai rilangi'e. Mapatta kappa'i, nade', natera'toro.","Gambara seddi, ripamulana de' pagaga tau lino, olokolo, tasi, poko aju, mata aso, anrenge topa paimeng, iya engkaeri langi'e. Mapetakapo'i na de' na teraturo."
3,1,1,"Iya rowat tue, banna mibawang ale-ale na Allah ta'ala. Na paturuni ada-adanna Allah ta'ala, sibawa napanca jinna sininna sewa-sewai, padaina, matanna assoe, ketenge, langi'e sibawa lino'e.","iya rohwettu'e, banna mibawang ale-alena Allah ta'ala. nafaturu'ni ada-adanna Allah ta'ala, sibawa na panjajinna, sininna, sewa-sewa'e, padana, matana aso'e, keteng'e, langi'e sibawa linoe."
4,2,4,Gambara dua iya book e'we riasengi kitta mappaccing relalengna kitta e'we na ewaki ma bicara Allah ta'ala kitta e nafeccakkari passaleng'na allah ta'ala sibawa passuru'angna na'iyya Allah ta'ala tem'maka na masenna tau linoe kitta e'we.,"Gambara dua, ia bo e'we, riaseng'i kitta mapaceng. Rilalenna kitta e'we, naewa ki'ma bicara Allah ta'ala. Kitta e, na pecakari wi pasalenna Allah ta'ala sibawa pasurwanna. Na'iya Allah ta'ala, temmaka na'ma se'na taulinoe. Kitta e'we."
5,2,4,nappannessai pe kugi bate na Allah ta'ala ku ammengi tau linoe na lolonga'ngi as'sala ma ken'na.,"nappa nassai peku'ki bate na Allah ta'ala, kuammengi taulinoe na lolongengi asalamakengnna."
6,3,2,"Gambara tallu, Allah ta'ala na panjajiwi sinina rupa-rupana pokok a juwe, kwetopa olokolo e. Sinina anupuran na panjajiye madacemmanangi. Allah ta'ala na panjajitoi rupa tawe, sibawa nawerenna akuasa, manguasai sinina anupuran na panjajiye.","Gambara tellu, Allah ta'ala na pancajiwi sininna rupa-ruppanna poko ajuwe, que'topa olok-olok'e. Sininna anupurna na pancajiye madce'n maneng. Allah ta'ala na pancaji toye rupa tawwe, sibawa nawe renna akkuasang, menguasai sininna anupurna na pancajiye."
7,3,2,Allah ta'ala nailorrengi tuwo sipammase-masse.,Allah ta'ala na'el orngi tuo sipamase-mase.
8,4,4,"Gambara e'ppa Orowane mamula'nge riasengi Adam. Sibawa makun'rai mamula'nge riase'ngi Hawa. Na iya Adam sibawa Hawa, tuo i sibawa masennang rilalenna sewai tameng. Iaria seng'nge tameng Edeng. Makkedai Puang Allah ta'ala.","Gambara e'ppa, orowane ma mulange, riasengi Adam. sibawa makkunrae ma mulange, riasengi Hawa. Na aia Adam sibawa Hawa, tuoi sibawa masennang rilalengna sewai Tammeng, ia riasengi Tammeng Edeng. Makkedai puang Allah ta'ala."
9,4,4,"buana sininna poko ajue engka rilalenna tameng ewe, wedding'ngi muanre. Iyakia buana poko ajuse dewe, ajak lalu muanre. Narekko muletoi pattessang ka e'we, rihukukko mati. Iyakia engkae setang'nge pole nabelei Adam sibawa Hawa.","Buana sinina pokok aju engkai ri lalena tameng e'we, wedding'ngi muan re. Iya kia buana pokok aju seddiwe, aja laleng muan re, narekko muleto i pa pesangkaewe, rihukku komatti. Iya kia, engkai setang'e pole, na bellewi Adam síbawa Hawa."
10,4,4,"Gangkanna Adam sibawa Hawa, nanrei buana ajunna pattessang'nge Allah ta'ala. Narima kuennaro nama dosa, aga narikukkuanna. Adam sibawa Hawa, ripassui pole ri taman Edeng. Iyakia riamase mupi ri Puang Allah ta'ala. Mak'janci ni Puang Allah ta'ala.","Gangkanna Adam sibawa Hawa, nandre buana ajunapesangkengi Allah ta'ala. Nari makkwanana ro na madosa. Aga nari hukkuna, Adam sibawa Hawa, ripasui pole ritaman Eden. Iya kia, riama se muppiri puang Allah ta'ala. Ma jancini puang Allah ta'ala."
11,4,4,"maelo suro i sewai juru salama, wedding'ngi ma dampe eng'ngi dosana.","Maelo suroi sewa juru salama, wedi'ngi madampangangi dosana."
12,5,2,Gambara lima. Adam sibawa Hawa puranapo gau dosa. Iya tau makkatenningengngi babbarewe riaseng'ngi Kain. Na iya Kain anakna Adam. Kain temmaka nabencinna Habil andrina. Na iya Kain nacallai andrina gangkana mate.,"Gambara lima, Adam sibawa Hawa, pura na pogau ii dosa'e. Ia tau maketengningeng'i babba e'we, riasengi Kain. Na iya Kain, anaknai Adam. Kain temmaka na bencinna habil Anrinna. Na iya Kain, na calai Anrinna gangkangna mate."
13,5,2,"Kain napogau to dosa. Sininna tau linoe anak apponai Adam sibawa Hawa. Idi manat'tu sibawa iya madosa manaki. Biasaki mabbelle, botto, malaweng, massompa dewata, enrengnge topa gau-gau maja laing'nge.","Kai na pogau toi dosa'e, sininna tau linoe, ana e ponai Adam sibawa Hawa. idi manetu sibawa ia, ma dosa maneki. Biasaki mabelle, botok, malaweng, ma sumpah dewata, enrenge topa gaugau maja lain'e."
15,6,1,"Gambara e'nneng, Nah iya anak eppo na Adam pede maitta pede majapang kau'keng gangkanna Allah ta'ala elo hukum. Lempe maraja elo napa poleh Allah ta'ala. Iya kia engka mu'pa seddi tau matep'pe ri Allah taala. Iya narituno.","Gambara enneng, na iya anak appona Adam, pede maita pede maja pangkau ke'ngi. Gangkanna Allah ta'ala elok hukungi, lempe' maraja elok na'pa pole Allah ta'ala. Ia kia engka mupase ditau mateppe riya Allah ta'ala, iya nari tu'no."
16,6,1,Allah taala nasurunino make buse dilopi-loppo. Nah iya teh punana. Mutama nino si bawa keluargana ri lalena lo piero. Nah ya ramana toi tahu lain'nge. Iya kiate nama elo. De'nama tep'pe makkeddai. Elo ina hukum Allah ta'ala linoe.,"Allah ta'ala nasuro Nino makke bu'sed di lopi loppoh, nayah tefunna na, mattama Nino sibawa ke luar gana rilalengna lopiero. Nairo manettoi tau lainge, iya kia de'na ma elo. De'na matappe makkadae, elo ina hukkung Allah ta'ala linoe."
17,7,1,"Gambara pitu, nah iya muttamana'nno si bawa keluargana rilalengna lobi'e na kongcini Allah ta'ala tange'na ro lobie pole tonni bosi raja'e gangkangna lempe na maraja, sininna bulu'e na tappu maneng'i nama elo maneng'i tawwe ma coek ri nabi nuh.","Gambara pitu, na iya mattama na'noh sibawa keluar gana rilalenna lopie. Na goncinni Allah ta'ala tang'na na rolopie. Poletoni bosi raja'e, gangkangna lempek maraja. Sininna bulu'e na tappu maneng'i, na maelok maneng na tauwe macjoe rinabino."
18,7,1,"iya ki'ya na de'na na wed'ding nasabeng pu'ra na tuttuni allah ta'ala tange'na lobie,sininna tau engkae risallewing'na ro lobie mati maneng'i nasaba de'na na 'ma teppe ri'ya Allah ta'ala.nabi nuh sibawa keluargana salama maneng'i na'saba ma teppe'na ri Allah ta'ala.","iya kiya de'na na wedding, nasaba pura na tu'tuni Allah ta'ala tang'na na lopie. sininna tau engkai risaliwenna rolo pie, mate maneng'i, nasaba de'na mateppe riya Allah ta'ala, na binoh sibawa keluar gana, salama maneng'i, nasaba mateppe na riya Allah ta'ala."
19,8,1,"Gambara arua, Abraham ianaritu salase, dinnai ana apona Adam. Nayaro Abraham, mateppe ilari puang Allah ta'ala. Mak jancini Allah ta'ala lauya Abraham sibawa Sara, maelo ompirengi ana.","Gambara arua, Abraham iya naritu salassek dinnai anak appona Adam. Naiyaru Abraham, mateppe ilalui puang Allah ta'ala. Mak'janci ni Allah ta'ala lauri Abraham sibawa Sara, maelo empereng'ngi anak."
20,8,1,"Riwatuma jua napa, nainappanai manakeng sek di ana orwani. Nayaro ana orwani, riyasengi Ishaq. Mak janciwi Allah ta'ala mak kedai, pole riaso sornai Ishaq, engka mati sewa papa salama, maelo epaleppe iru patawe, pole ridosa-dosana, dosa ta sibawa dosaku.","Riwad tumacoana pa na ina na manakeng seddi ana orwane. Na iyaro ana orwane, riasengi Ishaq. Makjangciwi Allah ta'ala makkedae. Polaria sossornai Ishaq, engka maktisewa pappasalama, maelwe paleppe irupa tawe polari dosa dosana, dosa ta sibawa dosaku."
21,9,0,"Gambara asera. Musa iyana ritu salassedding'na abbatireng na poleri Abraham sibawa Ishaq. Musa mateppe iriya Allah ta'ala. Na'iya puang Allah ta'ala, na suruy Musa menre' ri tompok na sik'die bulu. Kuwaniroh na paturu parintana Allah ta'ala laori Nabi Musa.","Gambara asera, Musa iya naritu sala seddinna abbatirenna pole ri Abraham sibawa Ishaq. Musa mateppe iri Allah ta'ala, na iya puang Allah ta'ala, nasuroi Musa mendre' ri tompo'na seddi'e bulu. Kuaniro na paturung parentana Allah ta'ala laori Nabi Musa."
22,9,0,"Ri lalenna gambara ewe, ri tai Nabi Musa no poleri tompok na bulu e, diwi parintana Allah ta'ala. Na'iya Nabi Musa, lisuruy ri'ya Allah ta'ala makbirittangi parintana laori tau mae gai.","Rilalengna gambara e'we, riitai Nabi Musa no' pole ritompo na bulu'e, tiwi parentana Allah ta'ala. Naiya Nabi Musa, risuroi ri Allah ta'ala, ma biritangi parentana, lauri tau maegai."
23,10,4,"Gambara seppulo. Engka enneng perintahna Allah ta'ala purana paleddu eri Nabi Musa, rialah conto, iya naritu, gambara A, ajakmu sompa, rapan-rapang iare gana anu lain. Gambara B, ripek kulengi.","Gambara seppulo, engka-engka parintana Allah ta'ala pura na palettu e'ri Nabi Musa, riala conto, iya naritu gambara a, aja mu'soompa rapan-rapang iare gana anulain. Gambara b, ripekullengi."
24,10,4,"sikura-kuranna siseng seminggu, ripas sadiai watut tamas sompa lawaripuang Allah ta'ala. Gambara C, naya anak-anak'e, sipinajai napaka raja tomatowana. Gambara D, ajak mu unoi padamu rupa tau. Gambara E, ajakmu malaweng.","sikura-kuranna siseng si minggu, ripasadiaiwetuttama son pallaripong Allah ta'ala.Gambara se, na iya ana-anae, sitinajai na pakaraja tomatoanna.Gambara de, aja muinoi padam mu rupa tau.Gambara e, aja mu malaweng."
25,10,4,"ajak mu macinnai makkunre lain, risaliwennae bainemu. Gambara F, ajak mu mennau, ajak mu macinnai waramparang na padamu rupa tau.","Aja mua chinnai makkunre laing risaliwannae bainemu.Gambara f. aja mu mennau, aja mua chinnai waramparangna padamu rupa tau."
26,11,0,"Gambara seppulo seddi, naiyawattunna Abraham sibawa Musa, narikko engkatau pura pogaudosa. Rizuro yeripuan Allah ta'ala ma'gere sikaju bimbala. Bimbala ero na korobbanga'nge tanrna masasakale pura pogaudosa. Makukuai.","Gambara seppulo seddi, na iya watunna Abraham sibawa musa, na rikko engka tau pura pogau dosa, risuroi ripuang Allah ta'ala mak gere sikaju bimbala. Bimbala ero, na korbanengi tan ranna massesekale pura pogau dosa. Makukuae."
27,11,0,"de'na na perluki ma'gere bimbala tan'rang a'tobakeng. Allah ta'ala pura na badurungi puatta Isa manjadi korban pa'palappe dosa sibawa darah na. Isa mati risali nasabat dosa ta, Tellu ngeso'i pura na mate nasabat dosa ta, na tuo paimeng.","de'na na paraluki makgare bimbala, tanrang atau bakeng. Allah ta'ala pura na paturungi puatta Isa, mencaji korban papaleppe dosa sibawa darana. Isa mate risali na saba dosata. Tellu ngesoi pura na mate na saba dosata, na tuwo paimeng."
28,11,0,"Narikori sadariwi aleta makkedae tauma dosa ki sibawa riangaquinna dosa ta. Matappa'ni lauri Isa, guammangina dan pengenge'ngi dosa ta. Mare launik lauri puatta Isa, guammangina dan pengeng'ngi dosa ta.","Na rekori sadari'wi ale ta'ma kedai, tau ma dosaki, sibawa ria ngequina dosata. Matappaniklauri isa, kuammengi na dampenge'ngi dosata. Marelauni kluatta isa, kuammengi na dampenge'ngi dosata."
29,12,2,"Gambara seppulo dua, maquwaniri'tu carana poutta Isa mattama ri laleng linoe. Na iya Isa na genne'kiwi jancina Allah ta'ala ri Adam síbawa Hawa. Isa ya'na ritupa pappasalama, mulleng'ngi pacingini dosana taulinoe.","Gambara seppulo dua, makwani ritu cerana puatta Isa mattama rilaleng linoe. Na ia Isa, na gennakiwi janjinna Allah ta'ala ri Adam sibawa Hawa. Isa iya naritu papa salama, mulai engi paccingi widosa na tau linoe."
30,12,2,"Engkasewa ana da'ra na riyaseng Maryam, deppana ise'ngi riasengi orowane. Ya kia engkani tangke'na riasengi Yusuf, engkani nasewa wattu, na engka'na malaika na Allah ta'ala laori Maryam. Makkedai malaika'e, allaroh Qudus na panjajiko matu mattampu.","engka sewa ana darah riaseng Mariam, de'panai seng'ngi riaseng orwani. Iyakia engka na tangke'na ria seng Yusuf, engka na sewa Wettu, na engka na malae kakna Allah ta'ala laori Mariam. Makkedairo malaika'e, Allah roh kudus, na pancajiko matu matampu."
31,12,2,"na muimanakan zewa ana orwani. Ya'ro matu ana orwani mua'sengi Isa. Bannamibawang Isa, makulle pasalama'i tawwe ri dosana. Na yaro malaika'e na birita toil'loauri Yusuf tangke'na Maryam,rilaleng'ngeppi. De'na engka'na silewureng Maryam síbawa Yusuf, gan kanna jaji Isa.","na mui manakeng sewa ana orwani. Iaro matu ana orwani, muasengi Isa. Banna mibawang Isa, makkule pasalama itauwe ridosana. Na yaro malaika'e, na biletatoi lauri Yusup tangkena Mariam rilaleng nipi. De'na engkanna sileureng Mariam sibawa Yusup gangkanna jaji Isa."
32,13,0,"Gambara seppulo tellu, Kira-kira asera uleng ring munrinna nairo, risewai wonni, rajajianna Maryam sewa ana orwane. Rihitani ri gambara b, nayaro wonniye, engkatoi malaika'na Allah ta'ala lauri pakkampi olokolo engkayri padange.","Gambara seppulo tallu, kira-kira asera uling rimunrinnaero, risewai wenni, na jajianna mariam sewa ana orwani. Riitani ri gambara b, na iyaro wenni'e, engka toi malaika na Allah ta'ala lauripa kampi olok-olok engkae ripadange."
33,13,0,"Makkedani malaika e'ro, iyaw'niye, jaajini papa salama na janjange Allah ta'ala. asenna yana ritu isa. Naiyya Isa, makuwase madampenga'ngi dosau. A gannalaona pakampi, Erosappa Isa, elok na sonpa.","Makkedani malaika ero, iya wenniwe, jajini papa salama na jangjang'e Allah ta'ala. Asenna iya naritu Isa. Naiya Isa, makuasai madammpenge'ngi dosamu, agangna laona pakampi ero seppa'i Isa, elo na sompa."
34,14,0,"Gambara seppulo e'ppa, na iya Isa, appekke'i pada-pada anak-anak Iyasae, rilalenna gambara a, ri'ita Isa riwadgunna umuru sepuluh dua tahun. Macam cerita pasalenna Allah ta'ala, lawrita pandita, yarikka pemimpin agama.","Gambara seppulo e'ppa, Naiya Isa,mpekkei pada-pada anak-anak biasai. Rilalengna gambara A, riitai Isa riwatunna umuru seppulo dua taun. Maccai ceritai pasalengna Allah ta'ala, laori tau panri tae, iare ka pamimping agamai."
35,14,0,"Isa naik sema nangiru, nasaba Isa iya naritu Allah ta'ala. Rilalenna gambara b, riita Isa riwadgunna umuru tellupulo tahun, mattengah mappa guru litau ekae. Maega tau matappe naori Isa, iyakiaa meiga to na de'na matappe. Allah ta'ala.","isa naise maneng'iro, na saba isa iya naritu Allah ta'ala. Rilalengna gambara b, riitai isa riwatunna umuru tellu pulo taung, mattenga map'a goru ri tau egae. Maega tau mateppe lauri isa, iya kiya maega to de'na mateppe. Allah ta'ala."
36,14,0,"nappa nessai mak kedai, Isa iya naritu Allah, sibawa nailorngi matappe ri Isa.","nappannessai makkedai, Isa iya naritu Allah, sibawa naelorengi mateppari Isa."
37,15,1,"Gambara seppulo lima, Na ia isa, temmaka a kuasanna. Lebbih ma kuasai na ia sinnina se tangi, iare ka anasan roi. Itai gambara a, isa makuasai pamila e matana tau butai. Itai gambara b.","Gambara seppulo lima, na iya Isa, temmaka akkuasanna. Lebbi makkuasa na iya sininna setang'e, yare'ga nasanroi. Itai gambara a, Isa makkuasa pemile'i matanna taubutae. Itai gambara b."
38,15,1,"isa makuasai patua'i tau mate. Itai gambara se, isa makuasai juppari tompo na uai. Puasa isa,temmaka a kuasanna.","Isa makuasai patuai tau mate, itai gambara se, isa makuasai joppari tompok na ua'e, puatta isa temmaka akuasanna."
39,16,2,"Gambara seppulo e'nneng,isa tuli pogau'i anu madeceng.isa de'na ma dosa,isa nappaguroa'ngi lao-laonaa Allah ta'ala, puatta isa nafanessai makkeddae, iya tau linoe ma'dosa maneng'ngi, na iya tau egae.",Gambara seppulo aneng. Isa tuli pogaui anu madeceng. Isa de'na madosa. Isa napa guruangi laulaona Allah ta'ala. Puatta Isa napa na saimak kedai. Ia tau linoe madosa maneng. Na iya tau ekae.
40,16,2,"de'na ma elo mangakui dosana agangna maccai manenni na'ro nauragai tikkengi puatta isa,puatta isa riparasai riangma jiwi sibawa ri'e ligellena iya kia puatta isa de'na ewa aga assaba kenna.","de'na maelo ma'ngakuiwi dosana. Aga na macai maneng na ro, na uragae na tikkengi puatta isa. Puatta isa, ribarasai, riammeciwi, sibawa rielekelengna. Ia kiya puatta isa de'na ewa. Aga asabakennna."
41,16,2,nasaba isa napededi'ngiwi rasa-rasan'nge kuammengi natangungiwi dosana tau linoe.,"na saba Isa, na pineddingi'ngi'ngi'n rasa-rasang'nge, kuammengi na tanggungi dosana tau linoe."
42,17,4,"Gambara seppulo pitu, Puatta Isa,de'na risessa bawang, iya kia ripadde Ferpatuyiri jusalli'e. Allah ta'ala nampaita yangi amatyan na Isa, mencaji korban na saba' dosata. Puatta Isa na tanggungi hukuman na dosa-dosata.","Gambara seppulo pitu, puatta Isa de'na rissesa mibawang, iya kiaripa depparpoiria jusallie. Allah ta'ala na'b paita yangngi a matianna Isa, manjadi korobbang na saba dosata. Puatta Isa na tanggungi pahukungana dosa-dosata."
43,17,4,"Mate na saba idikmaneng, na rikoma ngaku kitauma dosa sibawa matapakki ripuatta Isa. Na dampenge'ngi dosata. Engka muki'ka millau terima kasih ripuatta Isa, na saba na dampenge na dosata.",Mate nasaba idi maneng. Narekko mengaku ki tau madosa sibawa mateppe'ki ripuatta isa. Na dampenge'ngi dosata. Engka muking'ga millau terima kasih ripuatta isa. Nasaba na dampenge'ngi na dosata.
44,18,3,"Gambara seppulo arua, na iya matena na puatta isa ria jusallie. Laoni ana gurunna malai na kuburu risi'ewe kuburu batu.nainappai na sampoi babanna kuburu e'ro sibawa batu maraja. Tellu ngessoi rimundinnaero, Mariam sibawa sellaiona.","Gambara seppulo arua, Nah iya matena na puatta isa riya jusalli e, laoni ana burunna malai na kubburu iri sewae kubburu batu. Nai nappanna sampoibabanna kubburu ero sibawa batu maraja. Tellungessoi rimunrinna ero, mariam sibawa selaona."
45,18,3,"laoniri kuburru'e. Iya kia de'ni gaga puatta isa. Banna mibawa malaika angkat kuaru, maskkeddai malaika ero, tuoni paimeng isa. Moto niriya matianna, narikoma sempajang kimarelaudoang rialena.","laoni rikubburu'e,iya ki'ya de'ni gaga puatta isa. bannamibawa malaika engka kuaro,makkedai malaika e'ro,tuoni paimeng isa. motoni riya mateanna,narekko'ma sempajakki marillau doang rialena."
46,18,3,na inkelinga sibawa elo na parahatika'ngi parelauta.,naing kalingai sibawa elo'na perhatikangi perelauta.
47,19,1,"Gambara seppulo asera. Naiya tuona na paime puatta isa. Maega'tau mita'i sibawa ana'i wana asipa fijara. Tomas ana guruna puatta isa, makkedai'ri puatta isa. Narri kudeppa uwi tai loona tanrang bate pakunna ripala limanna.","Gambara seppulo asera, naya tuonana paima puatta isa. Maega tau'n mitai sibawa naerwana sipak bicara. Thomas anak buruna puatta isa, makkedai ripuatta isa. Na rekodekpa uitai lo'na tanrang bate pakunna ripale limana."
48,19,1,"deippa mateppe makkedai, tuoni paimeng. Na ta'ko engka muni isa madeppe'i seddenna. Inapana pata yang bate paku engkai ripala limanna. Aga na matteppe na Tomas makkedae, tuoni isa mo'to poleri ya matianna. Na saba na'itana, ia ki'ya puatta isa.","de'paung matappe makkedae tuni paimeng. na takko engkamuni isa ma deppe lauri seddena. inappa na paitaiyeng bate-paku engkai ripalekli manna. agana matappe na tomas makkedae, tuni isa moto polaria matianna. na saba naitana. iya kia puatta isa."
49,19,1,"naeloreki matteppe, mauni de'na ri'ita sibawa mata ulutta.","nailoreki matappe, mauni de'na ri ta sibawa mata ulutta."
50,20,3,"Gambara duo pulo, patappulo a'so ri'munrinna, puranoa tokeng'e puatta isa polaria matianna, nao bi'ni ana guruna loresewa'e bulu, na ina nappa makkedda,Makke kuae elona lisu mendre ri'surgae. Na rekko laona.","Gambara duo pulo. Pata pulo assori munrinna, pura nao toke'nge puatta isa poleri ya matianna. Naubbini anak burunna lauri sewaii bulu. Na inappa makkedah. Makke kuai, elo na lisum mendre' ri surugae. Na rikolaona."
51,20,3,"sitinajai nge biletang e laurawoko risibina rupatauwe. Panasangi makkedae, isa pura risali, kuamengi na tanggungi dosa na taulinoe. Na tungke-tungke tau mateppari ia, wadampenge'ngi dosana. Na wedding'ngi mate munruka sibawari laleng'ngi suruga.","sitinajai muabirittangi laolaokuri sininna rupa taue. panessangit makkedae isapura risali kuammengi na tanggungi dosana tau linoe, na tungke-tungke tau mateppe ri iya, uangdampengngi dosana, na wedding'ngi mati monroka sibawa rilaleng suruga."
52,20,3,"Na ia ana guruna, na itai puatta isa, tarakka mendre ri'surgae. Na engkana dua malaika makkeda riana guruna puatta isa. Engka makkisewa aso, na angka pole isa. Puatta isa, elo ina paccoe maneng'ki mendre ri'surgai.","naiya ana guruna, naitai puatta isa, taraka mendre' ri surugai. Naengka na dua malaika makkedariya na guruna puatta isa. Engka mati sewa asso, naengka pole isa. Puatta isa, elo ina pa'ju'e manaki mendre' ri surugai."
53,20,3,"Elo mukingka matappari isa, ku ameng'ngi matin na tiwike mattama ri'surga.","Elo, muki'ga mateppe ri isa, kuammengi mati'na tiwi ki muttama risurga."
54,21,3,"Gambara duo pulo seddi Naiyya a jusalli e, na faringa erangi ki pamase na puatta isa. Puatta isa de'na madosa. Mauni makuaro, na beriangi ale na rissesa sibawa risalli. Kua ammengi tangungi pahukunga na dosata.","Gambara duo pulo seddi, naya Ajusalli'e, na paring ngerangiki pammasena puatta isa. Puatta isa de'na ma dosa, mauni makkua'ro, na beriangi alena risessa sibawa Rissalli, kuammengi na tanggungi pahukungana dosata."
55,21,3,"dosa-dosa ta'maneng sibawa dosaku. Naiya purana na riuno tu i paimeng. Makukuae, tulisadiai tulungi sininna tao matapekke'ngi, na rekoriakui dosata sibawa riatappekinna, na dampenge'i dosata.","dosat-dosat amaneng sibawa dosaku. Naiya purana na riuno, tuo i paimeng. Makuk kuai, tulis sadiai tulung'ngi sininna tau mateppe'kiyengi. Narekoriakui dosata sibawa riateppekinna, na dampenge'ngi dosata."
56,21,3,Na monroki ma sibawa Allah ta'ala rilaleng suruga.,na monroki massibawa Allah ta'ala rilaleng suruga.
57,22,1,"Gambara duo pulo dua, makkedai puatta isa. Engka dua laleng, iyanari tu laleng masagena, sibawa laleng macipi. Tungke-tungke tau, mappa mulai rijajiang, engkae ri laleng masagenae, mak tuju lauripa hukung'nge.","Gambara duo pulo dua, makkedai puatta isa, engka dua laleng. Ianari tu laleng masagena, sibawa laleng macipi. Tungke-tungke tau, map'pa mulai ri jajiang engkai laleng masagena. Matuji lawri pahukki'ngi."
58,22,1,"abide'e nawedding pedde. Naiya tau mateppe'e ri puatta isa, sibawa turu eri parentana, ripalette ippole ri laleng masagenae, laori laleng macipi'e. Laleng macipi'e, iyanari tu laleng'e ma tuju lauri atuong sibawa Allah ta'ala ri lale suruga.","Apide e na wedding pede. Naiya tau matappe'e ripuatta isa, sibawa turu e riparentana, ripalette i pole rilaleng masagena'e, lau rilaleng gpa. Laleng ma gpa, iya nari tulang ma tujuh lauri atuong sibawa Allah ta'ala rilaleng suruga."
59,22,1,"Maelok muki ka mateppe ri isa, narekko maelok muki, makkedani lauri isa. Ee puakku isa, uangakui makkedai, tau madosaka. Matappaka makkedai, puakku isa, mate risali, kuammngi na tanggungi pahukungana dosaku.","maelok muki'ga mateppe riisa. Narekko maelok muki, makkedani laori isa. E. puakku isa, uangakui makkedae, tau madosaka, mateppe ka makkedae, puakku isa, matei risali, kuammengi na tanggungi pahukunga na dosaku."
60,22,1,"Adap pengenga ee puang, sibawa ripinrai atuoku. Maelokka monro sibawa Allah Ta'ala. Terima kasih, Yah Isa. Amin. Nareko tonga-tongangi ripau adaero lauri Isa, na pancajiki ana'na Allah ta'ala. Na Allah ta'ala mancajiwi ambo'ta.","adam pengenge'e puang, sibawa ripinrai atu okku. maelok ka monro sibawa Allah ta'ala. terima kasih"
61,23,0,"Gambara duo pulo tellu, narekko'ma teppe'ki makkedae. Puatta Isa matei, kuammengi na tanggungi pahukung'na dosata, na dampenge'ngi dosata, na pindray atuwotta menjadi atuwam madeceng.","Gambara duo pulo tellu, narekko mateppe'ki makkedai. Puatta isa matei, kuammengi na tanggungi pahukungana dosata, na dampenge'ngi dosata, na pinrai atuotta, manjaji atuom madeceng."
62,23,0,"Banna mi bawang tau mola eng'ngi laleng e'we, riaseng tau Kristeng. Wedding'ngi naubi ambok Allah ta'ala, na riaseto'i anak na'ri Allah ta'ala. Allah ta'ala na amasewi sininna rupa tawwe, mattungke-tungke suku bangsa, anrenget topa sininna bangsa'e.","Banna mibawang tau molaengi laleng'ewe, riaseng tau kristeng. Wedding'ngi na obi'e ambo Allah ta'ala na riasetoi anaknai Allah ta'ala. Allah ta'ala na amasewi sininna rupa tawwe, matungke-tungke sukupangsa, anrengitopa sininna bangsa'e."
63,23,0,"Rilalenna gambara e'we, puatta Isa mattengangina tarima sininna tau matappe'e lauri alena. Puang'ala Ta'ala, nailori, kuammengi idi sibawa ia, mateppekki lauri Isa, sibawa manjajitta anakna Allah ta'ala.","Rilalengnaa gambara e'we, Puatta Isa, mattengang'i na tarima sininna tau mateppe'e lauri alena. Puang Allah ta'ala, naelori, kuammengi di sibawa iya, mateppe'ki lauri Isa, sibawa mancajita anakna Allah ta'ala."
64,24,3,"Gambara duo pulo e'ppa, rilalenna gambara e'we. Puatta Isa mattenga'ngi ma'bicara sibawa sewai guru agama, riaseng'e nikodemus. ia puatta Isa, nafan nessangi makkeddae , matungke-tungke tao. Ia pe'naweddingi mattama rilaleng surugai.","Gambara duo pulo e'ppa, rilalengna gambara e'we, puatta isa matengeng'ngi mak bicara sibawa sewai guru agama riasenge'nni kudemus. Iya puatta isa na panessang'ngi makkeddae, matungke-tungke tau, iya panaweddi mutama rilaleng surgai."
65,24,3,"na rekori pakabarui nyawana. Banna mibawang Roh Kudus, makuasa pakabarui nyawana rupa tawwe.idi, de'nari ulle pakabarui nyawata na saba madosaki. Narekko mengaku ki'tau madosa, sibawa mateppe'ta ma kadae, puatta Isa, makuasai madammpenge'ngi dosa ta.","narekori pakabarui nyawana. banna mi bawang roh kudus, makuasa pakabarui nyawana rupa tawwe. idi, de'na riule'i pakabarui nyawata nasaba madosaki. narekko mangakuki tau madosa, sibawa matepe'ta makkedae. puatta isa, makuase madampengengi dosata."
66,24,3,"Puatta Isa, makuasai pakabarui nyawata. Nari makwanna na'ro, na mengakuna ni kodemus tao madosa, sibawa mateppena makkedae. Isa iya nari tupappa salama, makuasa madampenge'ngi dosana. idi mane'tu, pekuge pa tujuh ta.","puatta isa makkuasai pakabarui nyawatta. Nari makkuanana ro, na mangakunani kudemus tau ma dosa, sibawa mateppe'na makkedae. Isa iya naritu papa salama. Makkuasa madampengangni dosana. Idi manatu, pekugai patu jutta."
67,25,2,"Gambara duo pulo lima, riwettu engkana mu'na puatta Isa ri linoe, majanciwi maelo kiringa'ngi pa tulung anak buruna. Na iya lisunnana puatta Isa mendre' ri surugae. Ma depungenni anak buruna sibawa maringlau doanna.","Gambara duo pulo lima, riwaddu engkana mu pa puatta isa rilinoe, ma janciwi maelo kiringangi pattulung anak guruna. Na ia lisunna na puatta isa menre ri surgae, ma deppungani anak guruna sibawa marilao doanna."
68,25,2,"Na takko engkamuni kamuli Roh Kudus pole, na nori mattungke-tungke anak burunna, sibawa nawerenna aquwasang, pogau isininna anuna parentange puatta Isa. Roh Kudus, iya nari tupatt tulung, diare ga pasalewo. Roh Kudus.","Natakko engka muni roh kudus pole, na noori ma tungke-tungke ana guruna, sibawa naweyrenna a kuasang, pogaui sininna anu na parintang'e puatta isa. Roh kudus, iya naritu pattulung, iya rega passaleo. Roh kudus."
69,25,2,"naonroi mattungke-tungke tau maberiange'nge alena lalurie puatta Isa. Roh Kudus, iya nari tupat tulung maelok missenge'ngi ada-adanna Allah ta'ala. Na tulung mane'ki, kuammengi nari pogau anuna suruange Allah ta'ala. Tau Kristeng'e.",naonroi ma'tungke-tungke tau ma'biria'ngeng'i ale na lauri'e puatta isa. Roh Kudus iya naritu pattulung maelo misseng'eng'i ada-adanna Allah ta'ala. Na'tulung maneng'ki kuammeng'nari pogau anu na suruang'e Allah ta'ala. Tau kristeng'e?
70,25,2,"de'na perluangi pattulunna Roh lainge. Nasaba Roh Kudus, mailo ih'na tulung tau Kristenge, rilaleng anum na sennangi'e Allah ta'ala.","de'na perluangi patuluna roh lain'nge, nasaba roh kudus, maelo'i na tulung tau kristeng'nge, rilaleng anu na sanngi'e Allah ta'ala."
71,26,2,"gambarat duo pulo e'nneng. sininna tau de'na ma tepp ripuatta isa, engkai laleng pettang'nge, na'saba deg'gaga lampunna.Biasa'i tappa sola, gangkana mabuang. Iya manengnna'ro, maperluangi pa jelok.","Gambara duo pulo e'nnen, sininna tau de'e na mateppe ri puatta isa, engkai rilaleng pettang'e na saba de'ga ga lampunna. Biasa'i tappa sola gangkanna mabuang. Ia maneng na ro, ma perluangi pa jelo."
72,26,2,"kegenna laleng madeceng, anreng'nge laleng masalah. Naiya tau mateppe'e ripuatta isa, engkairi laleng matajang'nge. Roh Kudus, iyana'ri tu pa'jelok laleng, tulis sadiai maelok tulungi. Roh Kudus, nacakkari wi laletta.","kegenna laleng madeceng, enrenge laleng masala. Nah iya tau mateppe'e ripuatta isa, engkai rilaleng mataajang'e. Roh Kudus, iyanari tupa jelok laleng, tulis sadiae maelok tulungi. Roh Kudus, na cakariwi laletta."
73,26,2,sibawa ada-adanna Allah ta'ala.,Sibawa ada-adanna Allah ta'ala.
74,27,0,"Gambara duo pulo pitu. Tau Krisiteng'e, sitinajai tuo pada-pada na ilorie, ada-adanna Allah ta'ala. Makkeddai kitta'e, tau Kiristeng'e, de'na wedding'ngi malaweng, de'na wedding'ngi massasa, mapangiwang, me nau iarega ma sumpah berhala.","Gambara duo pulo pitu, tau Kristeng'nge, sitinajai tuo pada padana elo rie ada-adanna Allah ta'ala. Makkedai kitta'e, tau Kristeng'nge,de'nawed din malaweng, de'nawed din massasa, mappangewang, mennau iare'ga massompa berhala."
75,27,0,ia rega roh tau mate.,and arega roh tau mate.
76,28,3,"Gambara dua pulo arua. Keluarga Kristen'nge, sitinaja tuo situru ada adanna kittae. Orowane sitinaja na masei bainena, makkunra'iye sitinaja na pakaraja orowanena. Taumalipinenge'nge sitinaja situlu-tulung.","Gambara duo pulo a rua. Keluarga Kristeng'e sitinajai tuo situru ada-adanna kitta'e, orowane sitinajai na mase'i bai nena, makkunre'e sitinajai na pakaraja orowane'na. Tau malli binengeng'e sitinajai situluh tulung."
77,28,3,"Sitinaja ena fiarai anak-anakna, sibawa napagurunna passuru'nna Allah ta'ala.","sitinajai na piarai ana-ana na, sibawa na pa burunna passuruana Allah ta'ala."
78,29,2,"Gambaran duo pulo asera. Naiya Allah ta'ala, nasuroi sininna tau Kristeng'nge, ma masewi sininna rupa taue, tanrenge topa balinna. Rilalengna gambara a,riitai engka dua tau pura si bajji, ia kia makukuwewe si adampenge'ngi.","Gambara duo pulo asera. Na ia Allah ta'ala. Nasuroy sininna tau kristeng'e, mamasewi sininna rupa tauwe, anrenget topa balinna. Rilalenna gambara A, riitai engka dua tau pura sibacci, iya kia makukkuaewe siadampenge'ni."
79,29,2,"Rilalengnaa gambara b, riitai engka seddi tau tulunge padanna rupa tau, a salennae pole ri sukulai nge, ia bencienge sukunna. Tau Kristenge, sitinajai namase sininna padanna rupa tau, mauni lauri tau macecce rialena.","Rilalenna gambara b, ri'itae engkasek ditau tulungi padanna rupa tau, asalenna e pole ri suku lain'nge, iya benciengi sukun. Tau kristeng'nge, sitinaja na mase sinin na padanna rupa tau. Mauni lauri tau macce-ce rialena."
80,30,2,"Gambara tellu pulo, rilalengna gambara e'we, engka dua tau mattengang tunu berhala, sima-sima sibawa anu makaramat lainge. Tau Kristenge, banna mi bawang ri allah ta'ala wedding massompa, sibawa mellau tulung rilaleng asenna Isa. Puatta Isa.","Gambara tellu pulo, rilalengna gambara e'we,engka dua tau mattengang tunu berhala,sima-sima sibawa anu makarama lain'nge. Tau kristeng'e, banna mibawang rialah ta'ala wedding'ngi massompa, sibawa millau tulung rilaleng asenna isa. Puatta isa,"
81,30,2,"lebbi makkuasa na ia sininna sanrosanroi, barhalae, sima-simae, an rengitopa rohna tau mate.","lebi makuasai na iya sininna sanro-sanroi, berhalai, sima-simae, anrenget topa rohna tau mate."
82,31,1,"Gambara tellu pulo seddi, rilalengna gambara e'we,engka seddi tau na uttamai setang. sininna rantai passiona na pettu-pettu maneng'i nasaba setang engkae mallarung rialena temmaka awang tangenna.puatta isa na passu'i setang'e ro agana madisingna taw e'ro.","Gambara tellu pulo seddi, rilalengna gambara e'we, engka seddi tau na utamae setang. Sininna rante pasiona na pettupettumanangi, na saba setang engkaima larung rialena, temmaka awatengengna. Puatta isa na passui setangero, aga na medicina tauwero."
83,31,1,"setang'e ro terpassai massu nasaba iyya puatta isa lebbi makuasai naiyya sininna setang'e, sininna setang'e mitau'i ri puatta isa aja muasompa ri setang'e, aja to tumillau tulung ri sanroe.","Na ia setangero terpasai massu. Nasaba iya puatta isa lebbi makuasai na iya sininna setangre. Sininna setangre me tau iri puatta isa. Aja mua'ssompari setangre, ajak to to me lau tulung risanroe."
84,31,1,millau tulung'i ri ya allah ta'ala rilaleng isa.puatta isa makkuasai rukkai sininna setang'e.,"Menglau tulungi rialah ta'ala rilaleng Isa. Puatta Isa, makwasai rukkai sininna setang'nge."
85,32,4,"Gambara tellu pulo dua nailoreng'i setang'e kuammengi sininna tau kristeng'e due mmi bawang sangeng'na pikkiri'ki iyare ga na pakeang rilanne to'pa paimeng. naelori'wi kuammengi tau kristeng'e naluppai'wi Allah ta'ala, iya kiya tau kristeng'e.","Gambara tellu pulo dua, nailoriwi setang'e, kuammengi sininna tau Kristeng'e, dui emi bawang sanginna pikiriki, iare'ga napakaiang, rilainnai topa paimeng. Naeloriwi, kuammengi tau Kristeng'e, na lupa'wi Allah ta'ala. Ya kia tau Kristeng'e."
86,32,4,"sitinajai naturuki Allah ta'ala de sisseng-sisseng na wedding ma'kindreng ri setang'e sitinajai tuli mangring-errang lauri janjinna puatta isa iyana'ituu.sininna anu na na perluang'e rippasadiangangi ripuatta isa, mattius enneng ayat tellu pulo tellu.","sitinaja na turuki Allah ta'ala, desi'sa siseng na wedding makkindreng risetange. Sitinaja tulis mareng ngerang lauri jancina puatta isa iyanaritu, sininna anuna perluange ripasa diangangi ripuatta isa. Matius enneng, ayat tellu pulo tellu."
87,33,0,"Gambara tellu pulo tellu, rilalengna gambara e'we engka seddi anak orowane tuli pogau-gau dosa,na ojak-kojang'ngi doi natarimae pole'ri ambo'na na pogauk'i alaawewang'nge abotoreng sibawa naturikinna ellona alena.","Gambara tellu pulo tengu, rilalengna gambara e'we, engka seddi ana o'rohane, tulip pogau-gau dosa. Na oja kodja'ngi doi na tarima'e pole riambu'na, na pogau iya laweng'nge, a botoreng, sibawa naturukina elona alena."
88,33,0,naiya cappu'na doina risalai toni risallaona gangkangna massesekali lisuni paimeng laoni ri ambo'na millau adampenni nasaba maraja pakkamasena ambo'na ri'a dampenge'nni dosana sibawa ri tarimana paimeng.narekko pogaukki dosa.,"Na iacappuna na do'na, risalai tonni risallau'na, gangkana mases sekale. Lisu'ni paimeng lauri ambo'na, millau adampeng'ni, nasaba maraja pakka masena ambo'na, ria dampenge'ni dosana, sibawa ritari mani paimeng. Narekko pogau ki dosa."
89,33,0,sitinaja ki mases'sekale sibawa tauba nariakui dosata laori puatta isa nasaba puatta isa temmaka na'amesetta. puatta isa musti na dampengengki.,"sitinajaki masasakale sibawa toba, nariakui dosa tallori puatta isa. Nasaba puatta isa temmaka na amasitta, puatta isa musti na dampenge'ki."
90,34,3,"Gambara tellu pulo e'ppa, sininna rupa tauwe gampang'ngi malasa millau doang'ngi laori puatta isa, millauni kuammengi puatta isa na'pa bisingi'ki ajana ri sanroiki marellau tulung iyare'ga nari'roh tau mate nasaba gao makkoero.","Gambara tellu pulo e'ppa, sininna rupa taue, gambang'ngi malasa. Mellau doang'ngi lauri puatta isa, millau'ni kuammengi puatta isa, na Padi singiki. Aja nari sanroecki mare lau tulu, iare ga nari roh na tau mate. Na saba'gau makkuaero."
91,34,3,de'na willori'wi puatta isa. puatta isa lebbi makkuasai na sininna sewwa-sewwa'e.,de'na oi lorri wi puatta isa. Puatta isa lebbi makkuasai nasininna sewa-sewai.
92,35,4,"Gambara tellu pulo lima, narekko engka tau mateppe ripuatta isa namate tubunna rikubburu'i,iya kiya nyawana mattama risurgae nasaba dosana pura ria dampengeng'ngi ripuatta isa. narekko engka tau de'na mateppe ri isa na'mate, tubunna ri kubburu mu'i.","Gambara tellu pulo lima, narekko engka tau matappe'ri puatta isa na mate, tubun nari kuburu'i, iya kia nyawana mutama iri surugae, nasaba dosana puraria dampeng eng'iri puatta isa. Narekko engka tau de'na mateppe'ri isa na mate, tubun nari kuburu mui."
93,35,4,iya kiya nyawana rihukkung'ngi rilaleng neraka nasaba dosana. peq'kugi tu idi maneng narekko mateki makukkuae puranika napaccingi puatta isa kuammengi rilolonga'ngi surga.,"iya ki'ya nia wana ri hukkung'i ri laleng naraka na saba dosana.pekku'i tu idi maneng'a na rekko mate ki makukuae,puraniga na pa'cingi puatta isa,kuammeng'i ri laleng'i suruga."
94,36,4,"Gambara tellu pulo e'nneng, sininna lan'ru aleta, mapunna'ngi maneng'ngi tugas. Padenna mata, ripat'ke guna'i maki'ta, timuwe ripat'ke gunai mak bicara, sibawa daung culinge ripatke gunai maring kelinga. Narekko sala seddingna lanru aleta mapeddi.","Gambara tellu pulo e'nneng, sininna lalro aleta ma punnangi manengi tugas, padenna mata, ripakke guna'i makkita, timue ripakke guna'i makbicara, sibawa dauculinge ripakke guna'i marengkalinga, narikosala seddinna lalro aleta mapedi."
95,36,4,"sininna watak kaleta na pe'neddi manengi, makkedai puatta isa Sininna tau kristeng'e pada padai seddie tubuh, puatta isa mancaji ulu. Tungke-tungke tau kristeng melalaengengi tugasna, yari'ga jama-jamanna. Ibara'na, mapbeda tum.","sininna wata kaleta napenat dingi maneng'i, makkedai puatta isa. sininna tau Kristeng'e pada-pada iseng die tubu, puatta isa mancaji ulur. Tungke-tungke tau Kristeng malah laingeng'i tugasna iarega jama-jama na, ebarana, mapedatong."
96,36,4,"mapak buruangi ada-adanna Allah ta'ala, mak kelong, matulung, rilenne topa paimeng. Tungke-tungke tau kristen sak binnai puatta isa, sininna tau kristeng'e sitinaja siamaseang, sibantu-bantu.","Mappaguroa'ngi ada-adanna Allah ta'ala, makkelong, mattulung, rilengnai topa paimeng. Tungke-tungke tau Kristeng, sa'bbinnai puatta isa. Sininna tau Kristeng'e sitinajai siya-masieng, si bantu-bantu."
97,37,3,"Gambara tellu pulo pitu, pura na parenta'ngi poa'nga Allah ta'ala, kuammengi sininna tau kristeng'e, si kura-kuranna siseng si minggu, ma deppungangi ma seppajang, mare laudoang, makelong, ma sibawa. Sala seddinna tau matappe, map'pa guru ri pasalenna puatta isa.","Gambara tellu pulo pitu, purana parentangi puang Allah ta'ala, kuammengi sininna tau Kristeng'e, sikura-kurana sisa simeemgu, makda pengang'i mas sempajang, mari lau doang, mak kelong, mak sibawa. Salase'di na tau mateppe, mappaguru ripasalena puatta isa."
98,37,3,"Tau kristeng'e, sitinajai na'ing ngerang'nge a matenggenna, sibawa a mutukenna puatta isa, gangka engka-engka na pole paimeng.","Tau Kristenge, sitinajai na engrangi amatengenna sibawa amotokenna puatta isa gangka engkana pole paimeng."
99,38,3,"Gambara tellu pulo arua, makukkuae engkai puatta isa ri surgae,iya kia engka mate sewa wettu na engka paimeng noq Rilinoi, narekko engka ni matte pole, sininna tau matteppe'e na tiwi maneng'ngi mattama rilaleng surugae, iya kia sininna tau de'e na mateppe riweilaiwi.","Gambara tellu pulo arua, makukuae angkai puatta isa ri surugae. Iya kiangka mati sewawadtu, na angka paiman no ri linoe. Narikko angka ni mati pole, sininna tau mateppe'e natiwi maneng'i mattama rilala suruga. Iya kiah sininna tau de'e na mateppe riwe lawi."
100,38,3,"na inappa ri hukkung rilalanna api nerakae. Sadia maneng'i ga'tu, hebara na nareko makukuae engkai puatta isa pole.","nainappa rihukkung rilalenna a pinna rakae.sadiama'na ni gatu, ebara'na narekko makukkuae angkai puatta Isa pole."
101,39,4,"Gambara tellu pulo asera, pole ripoko'na a jue, ritajengi buana. Takkede'e na makke buah ri toto'i na ri tunu. Nakkale berake'ngi alena puatta isa pada seddi'e poko aju. Na sininna tau mateppe'e, manjajiwi takkena.","Gambara tellu pulo asera, pole ripoko na aju'e ritajeng'i buana, takke de'na makke bua ritoto'i na rituno, na kale berakeng'i alena puatta isa pada seddie poko aju, na sininna tau mateppe'e manjajiwi takke na."
102,39,4,"Maddenua'ngi buah madeceng pole ritau kristeng'e, iya riase'nge buah, iyana ritu, pakka mase, ari-riyong, adi cengang, sadia maelok mattulung, alempureng sibawa atuong madeceng. Ia maneng na'ro, mumpu iriatuona tau kristeng'e.","Maddennua'ngi bua madeceng pole'ri tau Kristeng'e. Iya ria senge bua iya naritu pakkamase, a rio-riong, adekengeng, sadiaa maelo'ng matulung, alampureng sibawa atuong madeceng. Iya manengnara, mumpo'i ria tuona tau Kristeng'e."
103,39,4,"nasaba akkuasanna roh kudus, atuonna tau mateppe'e riya Allah ta'ala, sitinajai lebbi madeceng'i na iya riwatunna deppa na mateppe.","nasaba a kuasanna Roh Kudus. a tuona tau mateppe e'riya la ta'ala, sitenaja elebbí madeceng'i na iya riwadgunna de'pa na mateppe."
104,40,0,"Gambara pata pulo, mateppe muki'ga lauri puatta isa, narekko makkowairo, ria palebbanganni lawri songpulolota. Purana dampengngi'ga puatta isa dosata, aja'ta masiri mapalebbangangi lauri selauta. Riapesabianni makkedae, masennani atitta.","Gambara patappulo, mateppemukika lauri puatta isa, narekko makuero, ria palebangengi lauri sompullolota, purana dampenge'ngi ga puatta isa dosata, ajak ta'ma siri ma palebangengi lauri sallalota, ria pesa bianni makkedai, masennani atitta."
105,40,0,"sibawa de'na tau mitau lawri setang'e, ria disingemui'ga makkedae. Purana pasadiangangi onrong puatta isa rilaleng suruga, narekko makkua'ero, a palebbangangi makkedae, pura ripasadiangangi onrong rilaleng suruga, sinina tau mateppe rieng'ngi puatta isa. Sibalikenna.","sibawa de'na atame tau lauri setang'e, riadisengi muika makkedai. Purana pasadiangeng ondron puatta isa rilaleng suruga. Narekko makkuaero, apalengeng'ngi makkedai, pura ripasadiangengi ondron rilaleng suruga, sininna tau matapriengi puatta isa. Sibale ken'na."
106,40,0,"engka onrong pahukki ngeng, ripasadiangangi sinina tau de'e na mateppe, ria palebbangangi makkedae. Puatta isa, maelo'i palleppe maneng'i sinina tauwe, kuammengi dek'na rihukkung ri ya finarakae. Puatta isa na parintangi.","Engka onrong pahukkung'ng, ripasadiang'ngi sininna tau de'na matappu. Ria palabang'ngi makkeddai, puatta isa, maelo ippaleppu maneng'ngi sininna tauwe, kuammengi de'nari hukung ri api nerakae. Puatta isa na parentangi."
107,40,0,"kuammengi ri a palebbangangi lauri sininna tauwe, laleng asalamakeng'nge, maelok muki'ga mapalebbangangi ada-adanna puatta isa, pikiriki wi gau e'we, na muala appettum.","Kuammengi riapalabangengi lauri sininna tau'we, laleng asala makeng'nge. Maelok muki'gah mapalabangengi ada-adanna puatta isa, pikkiri kiri gau'ewe, na muala apatung."
