file_id,reference,hypothesis
1,"Silasureng ma labbiku ya maneng. Engkani gari olo tabo angkai gambara'. Nareko sadiani, madijengani ripa mulai. Rieng ngerangi makkadae, narekko rieng kalingani sa' danna mosi'e, ritimpa'i bokta'law risiwalinai. Madijengani mareng kalinga, sibawari tana gambara'e.","Sila sura malebbi ku iya maneng, engka niga riolo tabo engkae gambarakna, narekko sadiani' madecengeni ripammulai.Riengerangngi makkedae' narekko riengkalinganisak dan namo sie' ritimpa ibo' ta lao risiwalinnae, madecengeni marengkalinga sibawari itana gambarak e."
2,"Gambara seddi, ripa mulana, deppa gaga taulino, olok-olok, tasi, poko aju, mata asso, anrengeto papaimang, ia angkai rilangi'e. Mapatta kappa'i, nade', natera'toro.","Gambara' se'di, ripammulanna de' pagaga taulino, olokolo' Tasi' Poko' Aju, mata Esso, anrengi to paimang, iya engkae rilangi e, mapatta kapa i' na de' na teraturo."
3,"Iya rowat tue, banna mibawang ale-ale na Allah ta'ala. Na paturuni ada-adanna Allah ta'ala, sibawa napanca jinna sininna sewa-sewai, padaina, matanna assoe, ketenge, langi'e sibawa lino'e.","Iya rowettu'e, banna mi bawang ale-ale'na Alla-taala, nappaturunni ada-adanna Alla-taala, sibawa na pancajinna sininna sewa-sewa'e, padanna' matanna asso'e, ketenge' langi e sibawa linoe."
4,Gambara dua iya book e'we riasengi kitta mappaccing relalengna kitta e'we na ewaki ma bicara Allah ta'ala kitta e nafeccakkari passaleng'na allah ta'ala sibawa passuru'angna na'iyya Allah ta'ala tem'maka na masenna tau linoe kitta e'we.,"Gambara II, iyya bo ewe Riyasengi Kitab mapaccing, Rilalena Kitab ewe, nae wakit makbicara Allah ta'ala. Kitab ewe, napecakkariwi passalena Allah ta'ala sibawa passuruanna, Naiyya Allah ta'ala, temmakanam asena taulinoe, Kitab ewe,"
5,nappannessai pe kugi bate na Allah ta'ala ku ammengi tau linoe na lolonga'ngi as'sala ma ken'na.,"Napanassae pekkugi batena Allah ta'ala, kuammengi taulinoe na lolongengi asalamakanna."
6,"Gambara tallu, Allah ta'ala na panjajiwi sinina rupa-rupana pokok a juwe, kwetopa olokolo e. Sinina anupuran na panjajiye madacemmanangi. Allah ta'ala na panjajitoi rupa tawe, sibawa nawerenna akuasa, manguasai sinina anupuran na panjajiye.","Gambara tellu, Allah ta'ala nappancajiwi sininna rupa-ruppanna poko ajuwe' kuettopa olokoloe, Sininna anupuranna nappancajiwe' madecem maneng. Allah ta'ala nappancaji toi e rupa tauwe' sibawa nawe renna akkuasang, Manguasei Sininna anupuranna nappancajiwe."
7,Allah ta'ala nailorrengi tuwo sipammase-masse.,"Allah ta'ala, nael orangi tuo sippamase-mase."
8,"Gambara e'ppa Orowane mamula'nge riasengi Adam. Sibawa makun'rai mamula'nge riase'ngi Hawa. Na iya Adam sibawa Hawa, tuo i sibawa masennang rilalenna sewai tameng. Iaria seng'nge tameng Edeng. Makkedai Puang Allah ta'ala.","Gambara eppa, oroane mamulange' riasenge Adam, sibawa makkunrei mamulange' riasengi Hawa.Na aya Adam sibawa Hawa, tuoi sibawa massennang rilalena sewai tammeng, iya riasenge tammeng edeng.Makkadaipuang Alla-taala."
9,"buana sininna poko ajue engka rilalenna tameng ewe, wedding'ngi muanre. Iyakia buana poko ajuse dewe, ajak lalu muanre. Narekko muletoi pattessang ka e'we, rihukukko mati. Iyakia engkae setang'nge pole nabelei Adam sibawa Hawa.","Buana sininna poko aju engkae rilalena tambengngewe' weddingi Muandre.Iyakia Buana poko aju setdiewe' ajak lalue Muandre, na rekko muletto'i peppesangkaewe' rihukku komatti.Iyakia, engkae setange pole' na bellewi Adam sibawa hawa."
10,"Gangkanna Adam sibawa Hawa, nanrei buana ajunna pattessang'nge Allah ta'ala. Narima kuennaro nama dosa, aga narikukkuanna. Adam sibawa Hawa, ripassui pole ri taman Edeng. Iyakia riamase mupi ri Puang Allah ta'ala. Mak'janci ni Puang Allah ta'ala.","Gangkanna Adam sibawa-hawa, nandrei buanna ajunappe sangkenge Alla ta'ala, naimakkuanna naro na madosa, Aga na rihukkunna, Adam sibawa-hawa, ripassui pole Ritaman Eddin, iyakiya, riyama seimu pili Puang Alla ta'ala.Makjanci Ni Puang Alla ta'ala,"
11,"maelo suro i sewai juru salama, wedding'ngi ma dampe eng'ngi dosana.","Maelo suroi sewwa Juru selama, wendinge maddam pengengi dosana."
12,Gambara lima. Adam sibawa Hawa puranapo gau dosa. Iya tau makkatenningengngi babbarewe riaseng'ngi Kain. Na iya Kain anakna Adam. Kain temmaka nabencinna Habil andrina. Na iya Kain nacallai andrina gangkana mate.,"Gambara lima, Adam sibawa-hawa, puranna pogau iya dosa'e.Iya tau makkatenningengi bapa'ewe riasengi Kain, na iya Kain, anakna iya Adam, Kain temmaka na bencina habil anrinna, na iya Kain, na calai anrinna gangkanna mate."
13,"Kain napogau to dosa. Sininna tau linoe anak apponai Adam sibawa Hawa. Idi manat'tu sibawa iya madosa manaki. Biasaki mabbelle, botto, malaweng, massompa dewata, enrengnge topa gau-gau maja laing'nge.","Kain napo gauh toi dosa'e, Sininna Tau-Linoe, ana'epponai Adam sibawa hawa, Idi manettu sibawa iya' ma dosa manekki, Biasaki Mabelle, Boto, Malaweng, massum Padewata, Enreng'e topa gau-gauh maja lainge."
15,"Gambara e'nneng, Nah iya anak eppo na Adam pede maitta pede majapang kau'keng gangkanna Allah ta'ala elo hukum. Lempe maraja elo napa poleh Allah ta'ala. Iya kia engka mu'pa seddi tau matep'pe ri Allah taala. Iya narituno.","Gambara' enng.Naiyya ana'appona Adam, Pedek maitta Pedek majak pangkaukengi, Gangkanna Allah ta'ala elo' hukungi, Lempok maraja elo' napapole Allah ta'ala.Iyakia anggamu pased di tau mateppe Riala ta'ala, iyanaritu no?"
16,Allah taala nasurunino make buse dilopi-loppo. Nah iya teh punana. Mutama nino si bawa keluargana ri lalena lo piero. Nah ya ramana toi tahu lain'nge. Iya kiate nama elo. De'nama tep'pe makkeddai. Elo ina hukum Allah ta'ala linoe.,"Alataala nasuro nino' makkebbu' seddi loppo'-loppo', naiyya teppunnana, muttamak nino sibawa keluargana rilalena loppo'-Yero.Nai ramana toi tau lainge, iyakia dekna maelok, dekna matappak makkadae, elo'inah hukung Allataala linoe."
17,"Gambara pitu, nah iya muttamana'nno si bawa keluargana rilalengna lobi'e na kongcini Allah ta'ala tange'na ro lobie pole tonni bosi raja'e gangkangna lempe na maraja, sininna bulu'e na tappu maneng'i nama elo maneng'i tawwe ma coek ri nabi nuh.","Gambara' pitu, naiyya muttamaknana noh sibawa keluargana rilalena lopie, na Gonci’ni Allah ta'ala tange’na rolo pie.Poletoni busi raja’e, gangkan na lempek maraja, Sininna bulu’e na tappuk maneng, na maelok manenna tau’we macco’e rinabino."
18,"iya ki'ya na de'na na wed'ding nasabeng pu'ra na tuttuni allah ta'ala tange'na lobie,sininna tau engkae risallewing'na ro lobie mati maneng'i nasaba de'na na 'ma teppe ri'ya Allah ta'ala.nabi nuh sibawa keluargana salama maneng'i na'saba ma teppe'na ri Allah ta'ala.","Iyakia dekna nawedding, nasaba puranna tutuni Allah ta'ala tange'na lopie.Sininna tauangkae risaliwenna roi lopie, mate manangi, nasaba dekna mateppe' Rialah ta'ala.Nabinoh sibawa keluargana, salamak manangi, nasaba mateppe' na Rialah ta'ala."
19,"Gambara arua, Abraham ianaritu salase, dinnai ana apona Adam. Nayaro Abraham, mateppe ilari puang Allah ta'ala. Mak jancini Allah ta'ala lauya Abraham sibawa Sara, maelo ompirengi ana.","Rambara arua, Abraham iyanaritu salahsek dinnaia ana appona Adam.Naiyaro Abraham, mateppe illaoi ripuang Alla ta'ala.Ma'jancini Alla ta'ala lao ri Abraham sibawa Sara, maelo empe rengi anak."
20,"Riwatuma jua napa, nainappanai manakeng sek di ana orwani. Nayaro ana orwani, riyasengi Ishaq. Mak janciwi Allah ta'ala mak kedai, pole riaso sornai Ishaq, engka mati sewa papa salama, maelo epaleppe iru patawe, pole ridosa-dosana, dosa ta sibawa dosaku.","Riwettu macoanapa nainappanai manakeng seddi ana'oroane, Naiyaro ana'oroane, Riyasengi Ishak.Mak jangciwi Alla ta'ala makkedae, pole Riaso sorennai Ishak, engka matti sewa pappas salama, maeloe paleppa iroo pataue pole ridosa dosana, dosata sibawa dosaku."
21,"Gambara asera. Musa iyana ritu salassedding'na abbatireng na poleri Abraham sibawa Ishaq. Musa mateppe iriya Allah ta'ala. Na'iya puang Allah ta'ala, na suruy Musa menre' ri tompok na sik'die bulu. Kuwaniroh na paturu parintana Allah ta'ala laori Nabi Musa.","Gambara asera, Musa iyanaritu salah seddina abbattirenna pole ri Abraham sibawa Ishak. Musa mateppe'i rialla ta'ala, naipuangalla ta'ala, nasuroi Musa menre'ritompo'na seddie belu', kuaniroh na paturungarentanaalla laori Nabi Musa."
22,"Ri lalenna gambara ewe, ri tai Nabi Musa no poleri tompok na bulu e, diwi parintana Allah ta'ala. Na'iya Nabi Musa, lisuruy ri'ya Allah ta'ala makbirittangi parintana laori tau mae gai.","Rilalena gambara ewe, riitai Nabi Musa no pole ritom potna bulu e, tiwi i Parentana Allah ta'ala.Naya Nabi Musa, risuroi Riala ta'ala, mabbi ritangi Parentana lao ritau maegae."
23,"Gambara seppulo. Engka enneng perintahna Allah ta'ala purana paleddu eri Nabi Musa, rialah conto, iya naritu, gambara A, ajakmu sompa, rapan-rapang iare gana anu lain. Gambara B, ripek kulengi.","Gambara' sepulo, engka enneng parentana Alla-taala purana pelettu e Rinabi Musa, Riala Conto, iyanaritu, Gambara' a', ajak mu sompa, rapan-rapang iya rekgana anulaing.Gambara' be', ripe kullengi,"
24,"sikura-kuranna siseng seminggu, ripas sadiai watut tamas sompa lawaripuang Allah ta'ala. Gambara C, naya anak-anak'e, sipinajai napaka raja tomatowana. Gambara D, ajak mu unoi padamu rupa tau. Gambara E, ajakmu malaweng.","Sikura'-kuran'na siseng si minggu' ripassadiyai wettutta massom pallaor ripuang Allahtaala. Gambara' se' naia ana'-anae, sitina ajae napakaraja tomatoanna. Gambara' de' aja'mu unoi padamu rupa tau. Gambara' e' aja'mu malaweng."
25,"ajak mu macinnai makkunre lain, risaliwennae bainemu. Gambara F, ajak mu mennau, ajak mu macinnai waramparang na padamu rupa tau.","Aja'mu acinnai makkunre laing risaliwennae bayenemu, Gambara F, Aja'mu mennau, Aja'mu acinnai waramparangna padamu rupatau."
26,"Gambara seppulo seddi, naiyawattunna Abraham sibawa Musa, narikko engkatau pura pogaudosa. Rizuro yeripuan Allah ta'ala ma'gere sikaju bimbala. Bimbala ero na korobbanga'nge tanrna masasakale pura pogaudosa. Makukuai.","Gambara seppulo seddi, naiyawa tunna Abraham sibawa Musa, narekkoeng katao pura pogau dosa, Rizuroi ripuang Alla-taala makgere sikaju bimbala.Bimbala ero, nakkorogg bangengi tanranna massessekale pura pogau dosa, makukuae."
27,"de'na na perluki ma'gere bimbala tan'rang a'tobakeng. Allah ta'ala pura na badurungi puatta Isa manjadi korban pa'palappe dosa sibawa darah na. Isa mati risali nasabat dosa ta, Tellu ngeso'i pura na mate nasabat dosa ta, na tuo paimeng.","Dekna na perellukik makgere bimbala, tanrang ato bakeng, Allah ta'ala pura na paturungi Puatta Isa, mancaji koroban pappeleppe dosa sibawa darana. Isa mateh risali na sabat dosata. Tellung ngesui purana mateh na sabat dosata, na tuo paimeng."
28,"Narikori sadariwi aleta makkedae tauma dosa ki sibawa riangaquinna dosa ta. Matappa'ni lauri Isa, guammangina dan pengenge'ngi dosa ta. Mare launik lauri puatta Isa, guammangina dan pengeng'ngi dosa ta.","Narekko risadariwi aleta makkedae' tauma dosa ki' sibawa riangakuinna dosata', mateppetnik lao ri isa' kuamengi natdampengi dosata'.Marellau niklao ripuatta isa' kuamengi natdampengi dosata'."
29,"Gambara seppulo dua, maquwaniri'tu carana poutta Isa mattama ri laleng linoe. Na iya Isa na genne'kiwi jancina Allah ta'ala ri Adam síbawa Hawa. Isa ya'na ritupa pappasalama, mulleng'ngi pacingini dosana taulinoe.","Gambara seppulo dua', makkuani ritu carana puatta Isa muttama rilalellinoe, na iya Isa, na genna kiwi jancinna Alla-taala riadam sibawa hawa, Isa iyanaritu pappas salama, mulleengi paccingiwi dosana tau-Linoe."
30,"Engkasewa ana da'ra na riyaseng Maryam, deppana ise'ngi riasengi orowane. Ya kia engkani tangke'na riasengi Yusuf, engkani nasewa wattu, na engka'na malaika na Allah ta'ala laori Maryam. Makkedai malaika'e, allaroh Qudus na panjajiko matu mattampu.","Engka sewwa ana' darah riaseng Mariam, de' panaisengi riasengi orwane.Iyakia engka na taengke'na riaseng Yusuf, engka na sewwa wettu' na engka na malae'ka na Allah ta'ala laori Mariam.Makkadeiro malae'ka e, Allah roh kudus, na pancaji ko matu mattampu."
31,"na muimanakan zewa ana orwani. Ya'ro matu ana orwani mua'sengi Isa. Bannamibawang Isa, makulle pasalama'i tawwe ri dosana. Na yaro malaika'e na birita toil'loauri Yusuf tangke'na Maryam,rilaleng'ngeppi. De'na engka'na silewureng Maryam síbawa Yusuf, gan kanna jaji Isa.","Namue'manakeng sewwa ana orwane, Iaro matu ana orwane, Muasengi Isa.Bannami Bawang Isa, makkulle passalama iya tauwe ridosana, Naaro malae kae, Nae'biri tattoi lao ri Yusuf Tangketna Mariam rilale nippi, De'na engkan na selewureng Mariam sibawa Yusuf gangkan na jaji Isa."
32,"Gambara seppulo tellu, Kira-kira asera uleng ring munrinna nairo, risewai wonni, rajajianna Maryam sewa ana orwane. Rihitani ri gambara b, nayaro wonniye, engkatoi malaika'na Allah ta'ala lauri pakkampi olokolo engkayri padange.","Gambara' seppulo tellu, kira-kira asera ulang rimunrinnaero, Risewae wenni, na jajianna marium Sewa ana orwane.Riitani rigambara' be', na iya ro wennie, engka toi malaika na Allah ta'ala lao ripakkampi olokolo engkae ripadange."
33,"Makkedani malaika e'ro, iyaw'niye, jaajini papa salama na janjange Allah ta'ala. asenna yana ritu isa. Naiyya Isa, makuwase madampenga'ngi dosau. A gannalaona pakampi, Erosappa Isa, elok na sonpa.","Makkadani malaika ero, iya wenniewe' jajeni pappas salamak na jancange Allah ta'ala, asena iyanaritu Isa.Naiyya Isa, makuasai maddam pengengnye dosamu, aga na lao'na pakkampi ero sappa i Isa ero nasompa."
34,"Gambara seppulo e'ppa, na iya Isa, appekke'i pada-pada anak-anak Iyasae, rilalenna gambara a, ri'ita Isa riwadgunna umuru sepuluh dua tahun. Macam cerita pasalenna Allah ta'ala, lawrita pandita, yarikka pemimpin agama.","Gambara' seppulo eppa, Naya Isa, mpekka iya pada-pada ana-ana biasa'e.Rilalena gambara' ah, riitai Isa riwattunna umuru' seppulo dua taung, macce' caritai passalena Alla ta'ala, lao ritau panrita'e, iarekga pamimping agama'e."
35,"Isa naik sema nangiru, nasaba Isa iya naritu Allah ta'ala. Rilalenna gambara b, riita Isa riwadgunna umuru tellupulo tahun, mattengah mappa guru litau ekae. Maega tau matappe naori Isa, iyakiaa meiga to na de'na matappe. Allah ta'ala.","Isa naissa maneng nero, nasaba Isa iyanaritu Allah ta'ala.Rilalena gambarak be', riitai Isa riwettunna umuru' terlupulo taung, mattengna mappak goru ritau egae.Maega tau matappe lao riisa, iakia maega to dekna matappe.Allah ta'ala,"
36,"nappa nessai mak kedai, Isa iya naritu Allah, sibawa nailorngi matappe ri Isa.","Napanessai makkadae, Isa iya naritu Allah, sibawa naellorengi mateppe ri Isa."
37,"Gambara seppulo lima, Na ia isa, temmaka a kuasanna. Lebbih ma kuasai na ia sinnina se tangi, iare ka anasan roi. Itai gambara a, isa makuasai pamila e matana tau butai. Itai gambara b.","Gambara' sepulolima, naiyya isa' temmaka akkuasanna, Lebbi makkuasa' naiyya sininna setange, yare'ga nasanroe.Itai gambara' ah, isa' makkuasa' pammile' iya matanna tau butae.Itai gambara' be'."
38,"isa makuasai patua'i tau mate. Itai gambara se, isa makuasai juppari tompo na uai. Puasa isa,temmaka a kuasanna.","Isa makuasai patuo'i tau mate', itai gambara' se' Isa makuasai joppa ritompo'na uwa' Puatta isa, temmaka akkuasanna."
39,"Gambara seppulo e'nneng,isa tuli pogau'i anu madeceng.isa de'na ma dosa,isa nappaguroa'ngi lao-laonaa Allah ta'ala, puatta isa nafanessai makkeddae, iya tau linoe ma'dosa maneng'ngi, na iya tau egae.","Gambara seppulo enneng, Isa tuli pogau i Anu madeceng, Isa dekna madosa, Isa nappak guruangi lao-lao na Allah ta'ala.Puatta Isa nappanna saimak kedai, Iya tau linoe, madosa maneng, Na-Iya tau egae,"
40,"de'na ma elo mangakui dosana agangna maccai manenni na'ro nauragai tikkengi puatta isa,puatta isa riparasai riangma jiwi sibawa ri'e ligellena iya kia puatta isa de'na ewa aga assaba kenna.","Dekna maelo' maangnga kuiwi dosana, Aganna macai manennaro, nao' ragae natikkengi Puatta isa. Puatta isa, riba rasa'i, ria meccuiwi, sibawa rie lekelle'na, iya kia Puatta isa dekna ewa, aga asabakena,"
41,nasaba isa napededi'ngiwi rasa-rasan'nge kuammengi natangungiwi dosana tau linoe.,"Nasaba Isa, napinat dingiwi anrasa rasange, kuamangnge na tanggungiwi dosana taulinoe."
42,"Gambara seppulo pitu, Puatta Isa,de'na risessa bawang, iya kia ripadde Ferpatuyiri jusalli'e. Allah ta'ala nampaita yangi amatyan na Isa, mencaji korban na saba' dosata. Puatta Isa na tanggungi hukuman na dosa-dosata.","Gambara seppulo pitu, Puatta Isa, dekna rises samibawang, Iakia ripaddepper patoi riaju Sally E. Allah ta'ala nappaita yange amatianna Isa, mancaji korobang nasaba Dossata, Puatta Isa natangungi pahukunganna Dossa-Dossata."
43,"Mate na saba idikmaneng, na rikoma ngaku kitauma dosa sibawa matapakki ripuatta Isa. Na dampenge'ngi dosata. Engka muki'ka millau terima kasih ripuatta Isa, na saba na dampenge na dosata.","Mate nasaba idi' maneng, Narekko mengakukik tau madosa sibawa mateppek ki ripuatta Isa, na dampengengi dosata.Engka mukiga melau terimakasi ripuatta Isa, nasaba na dampengengi dosata."
44,"Gambara seppulo arua, na iya matena na puatta isa ria jusallie. Laoni ana gurunna malai na kuburu risi'ewe kuburu batu.nainappai na sampoi babanna kuburu e'ro sibawa batu maraja. Tellu ngessoi rimundinnaero, Mariam sibawa sellaiona.","Gambara' seppulo arua, naiyya matena na Puatta Isa riaju Sally e, Laoni anak Guru na mala'i na Kupuru ii risewae Kupuru batu, nainappanna sampo'i babanna Kupuru e ro sibawa batu maraja, Tellunga Soi Rimunrinna e ro, Mariam sibawa selaona,"
45,"laoniri kuburru'e. Iya kia de'ni gaga puatta isa. Banna mibawa malaika angkat kuaru, maskkeddai malaika ero, tuoni paimeng isa. Moto niriya matianna, narikoma sempajang kimarelaudoang rialena.","Laoni rikup buru e, iyake adekni gaga Puatta Isa, bannami bawang malaika engka kuaro, makkedaimalaika e ro, tuo ni paimeng Isa.Moto ni riamateanna, na rekko massam pajakki marellau doang Rialena,"
46,na inkelinga sibawa elo na parahatika'ngi parelauta.,Naengkalingai sibawa e lokna perhatikangi parellauta.
47,"Gambara seppulo asera. Naiya tuona na paime puatta isa. Maega'tau mita'i sibawa ana'i wana asipa fijara. Tomas ana guruna puatta isa, makkedai'ri puatta isa. Narri kudeppa uwi tai loona tanrang bate pakunna ripala limanna.","Gambara seppulo aserah, Naya tuo nana paime Puattaisa, Maega taun mi toi sibawa naewanasipak bicara, Thomas anak Guru'na Puattaisa, makkedai ripuattaisa, Narekko dekpa uite lo'na tanrang bate' pakkunna ripale' limanna,"
48,"deippa mateppe makkedai, tuoni paimeng. Na ta'ko engka muni isa madeppe'i seddenna. Inapana pata yang bate paku engkai ripala limanna. Aga na matteppe na Tomas makkedae, tuoni isa mo'to poleri ya matianna. Na saba na'itana, ia ki'ya puatta isa.","Dek paung matapuk makkede' tuoni paimeng.Natakko engkamuni isa makdeppe lao risedde'na, Inappa'-Nappai'-Tayang bateppaku engkai ripalek limanna.Agana matapuk na Tomas makkede' tuoni isa motok pole riyamateanna.Nasaba naitanna, iakia puatta isa,"
49,"naeloreki matteppe, mauni de'na ri'ita sibawa mata ulutta.",Na elo rekkit mateppe' maune dek nari ta sibawa mata ulutta.
50,"Gambara duo pulo, patappulo a'so ri'munrinna, puranoa tokeng'e puatta isa polaria matianna, nao bi'ni ana guruna loresewa'e bulu, na ina nappa makkedda,Makke kuae elona lisu mendre ri'surgae. Na rekko laona.","Gambara duop pulo, Patapulo esso rimunrinna, Pura nao tokenge Puatta Isa pole riamateanna, Naobbini anak Guru na lao risewae bulu, Nainappa makkeda, Maka kuae, Ello na lisu menderi risurugae, Narekko lao na"
51,"sitinajai nge biletang e laurawoko risibina rupatauwe. Panasangi makkedae, isa pura risali, kuamengi na tanggungi dosa na taulinoe. Na tungke-tungke tau mateppari ia, wadampenge'ngi dosana. Na wedding'ngi mate munruka sibawari laleng'ngi suruga.","Sitinajai muakbi rittange lao-lao ku risininna rupa tauwe, Pannessangi makkedael, Isapura risali, kuammengi na tanggungi dosana tau linoe.Na tungka-tungka tau mateppe ri iya, uwak dampengingi dosana, naweddingi mati monroka sibawa rilalesuruga."
52,"Na ia ana guruna, na itai puatta isa, tarakka mendre ri'surgae. Na engkana dua malaika makkeda riana guruna puatta isa. Engka makkisewa aso, na angka pole isa. Puatta isa, elo ina paccoe maneng'ki mendre ri'surgai.","Naia anak Guru'na, naitei Puatta Isa ta'rakkak menderi risurugae.Naengka na dua Malaika makkeda rianak Guru'na Puatta Isa.Engka mattisewa asso, naengka pole Isa.Puatta Isa, elo Inna Paccoe' manekki menderi risurugae."
53,"Elo mukingka matappari isa, ku ameng'ngi matin na tiwike mattama ri'surga.","E lok muki ga mateppa riisa, kuamengi matinna tiwi ki muttama risuruga."
54,"Gambara duo pulo seddi Naiyya a jusalli e, na faringa erangi ki pamase na puatta isa. Puatta isa de'na madosa. Mauni makuaro, na beriangi ale na rissesa sibawa risalli. Kua ammengi tangungi pahukunga na dosata.","Gambara' duopulo seddi, naiyya aju sali e, naparingngerangi ki pammasena Puattaisa. Puattaisa de'na madosa, mauni makkuaro, naeberiangi alena risessa sibawa risali, kuammenginna tanggungi pahukungenna dosata."
55,"dosa-dosa ta'maneng sibawa dosaku. Naiya purana na riuno tu i paimeng. Makukuae, tulisadiai tulungi sininna tao matapekke'ngi, na rekoriakui dosata sibawa riatappekinna, na dampenge'i dosata.","Dosa-dosa maneng sibawa dosa ku', naiyya purana na riuno, tuo i paimeng, makukkuae, Tulissadia'i tulungngi sininna tau mateppekengi, na rekko riakui dosata sibawa riateppekinna, na dampengengi dosata."
56,Na monroki ma sibawa Allah ta'ala rilaleng suruga.,Nammon roki massibawa Allah ta'ala rilaleng Suruga.
57,"Gambara duo pulo dua, makkedai puatta isa. Engka dua laleng, iyanari tu laleng masagena, sibawa laleng macipi. Tungke-tungke tau, mappa mulai rijajiang, engkae ri laleng masagenae, mak tuju lauripa hukung'nge.","Gambara' 22, makkeda'i puatta Isa, engka dua laleng, Iyanaritu laleng Masagena, sibawa laleng macipi.Tungkik-tungkik tau, mappamulai rijajiang engkae ri laleng Masagena, mattuju'i lao ripahukungeng."
58,"abide'e nawedding pedde. Naiya tau mateppe'e ri puatta isa, sibawa turu eri parentana, ripalette ippole ri laleng masagenae, laori laleng macipi'e. Laleng macipi'e, iyanari tu laleng'e ma tuju lauri atuong sibawa Allah ta'ala ri lale suruga.","Apide e nawedding pedde', naiyya tau matappa e ripuatta Isa, sibawa turu e riparentana, ripalette i pole rilalemma Sagenae, lao rilalemma Gpa.Lalemma Gpa?Iyyanaritu lalemma tuju lao riattuong sibawa Allah ta'ala rilala suruga."
59,"Maelok muki ka mateppe ri isa, narekko maelok muki, makkedani lauri isa. Ee puakku isa, uangakui makkedai, tau madosaka. Matappaka makkedai, puakku isa, mate risali, kuammngi na tanggungi pahukungana dosaku.","Mai lok muki ga mateppet riisa, na rekko maelok muki' makkadani lao riisa, ee Puakku Isa, uangakui Makkadae, tau madosa'kak.Mateppet Kak Makkadae, Puakku Isa, matei ri Salib, kuamenginna tanggungi pahukunge madosa'ku."
60,"Adap pengenga ee puang, sibawa ripinrai atuoku. Maelokka monro sibawa Allah Ta'ala. Terima kasih, Yah Isa. Amin. Nareko tonga-tongangi ripau adaero lauri Isa, na pancajiki ana'na Allah ta'ala. Na Allah ta'ala mancajiwi ambo'ta.","Addam pengenga e puang, sibawa ripinrai atu okku'.Maelo Kak Montro sibawa Allahtaala.Terimakasi, iya Isa.Amin.Narek kotonga tongangi ripau adeero lao ri Isa, napancajiki ana' Allahtaala, naallataala mancajiwi ambo'ta."
61,"Gambara duo pulo tellu, narekko'ma teppe'ki makkedae. Puatta Isa matei, kuammengi na tanggungi pahukung'na dosata, na dampenge'ngi dosata, na pindray atuwotta menjadi atuwam madeceng.","Gambara' duopulo tellu, narekko mateppe' ki makkeda'e, Puatta Isa matei, kuamenginna tanggungi pahukunganna dosata, na dampengengi dosata, na pindrai atuotta' mancaji atuom madecing."
62,"Banna mi bawang tau mola eng'ngi laleng e'we, riaseng tau Kristeng. Wedding'ngi naubi ambok Allah ta'ala, na riaseto'i anak na'ri Allah ta'ala. Allah ta'ala na amasewi sininna rupa tawwe, mattungke-tungke suku bangsa, anrenget topa sininna bangsa'e.","Banna mi bawang tau molaengi lalengewe Riaseng tau Kristen.Weddingin naobi e ambo Alla ta'ala, na riasettoi anak nae Alla ta'ala, na amaseiwi sininna rupa tauwe, mattungka-tungka suku bangsa, anrenge topa sininna bangsae."
63,"Rilalenna gambara e'we, puatta Isa mattengangina tarima sininna tau matappe'e lauri alena. Puang'ala Ta'ala, nailori, kuammengi idi sibawa ia, mateppekki lauri Isa, sibawa manjajitta anakna Allah ta'ala.","Rilalena gambara ewe, Puatta Isa' mattengangi na tarima sininna tau mateppe'e lao ri alena. Puangalla ta'ala, Naellori, kuamengi idi' sibawa iya' mateppe' ki lao ri Isa' sibawa mancajitta anakna Alla ta'ala."
64,"Gambara duo pulo e'ppa, rilalenna gambara e'we. Puatta Isa mattenga'ngi ma'bicara sibawa sewai guru agama, riaseng'e nikodemus. ia puatta Isa, nafan nessangi makkeddae , matungke-tungke tao. Ia pe'naweddingi mattama rilaleng surugai.","Gambara' duopulo eppa, Rilalena gambara' ewe, Puatta Isa mattengangimak bicara sibawa sewaeguru agama Riyasenge Niko De'mus.Iya Puatta Isa, nappannessangimak kedae, Matungka-Tungka Tau, iya pannaweddi mutta-Mak Rilaleng surugae,"
65,"na rekori pakabarui nyawana. Banna mibawang Roh Kudus, makuasa pakabarui nyawana rupa tawwe.idi, de'nari ulle pakabarui nyawata na saba madosaki. Narekko mengaku ki'tau madosa, sibawa mateppe'ta ma kadae, puatta Isa, makuasai madammpenge'ngi dosa ta.","Narekko ripakabarui njawana', bannami bawang roh kudus, makuasa pakkabarui njawana rupa tauwe.Idi, dekna riulle pakkabarui njawata, nasaba madosa ki.Narekko mangngaku ki tau madosa, sibawa mateppeta makkadae, Puatta Isa, makuasa ibadam pengengi dosata."
66,"Puatta Isa, makuasai pakabarui nyawata. Nari makwanna na'ro, na mengakuna ni kodemus tao madosa, sibawa mateppena makkedae. Isa iya nari tupappa salama, makuasa madampenge'ngi dosana. idi mane'tu, pekuge pa tujuh ta.","Puatta Isa' makuasa'i pakabarui nyawata', narimakkuanna naro', namangakunani Kodemus tau madosa, sibawa mateppe'na makkeda'e, Isa' iyanaritu pappas salama.Makkuasa maddam pengengi dosana, idi' manettu' pekkugai pattu jutta."
67,"Gambara duo pulo lima, riwettu engkana mu'na puatta Isa ri linoe, majanciwi maelo kiringa'ngi pa tulung anak buruna. Na iya lisunnana puatta Isa mendre' ri surugae. Ma depungenni anak buruna sibawa maringlau doanna.","Gambara' 25.Riwettu engka namo Papuattaisa rilinoe, Makjanciwe maello kiringangi pattulung Anak Guru'na.Na'ia lisu'na napuattaisa menre risurugae, Maddeppungen'i Anak Guru'na sibawa marillao doanna."
68,"Na takko engkamuni kamuli Roh Kudus pole, na nori mattungke-tungke anak burunna, sibawa nawerenna aquwasang, pogau isininna anuna parentange puatta Isa. Roh Kudus, iya nari tupatt tulung, diare ga pasalewo. Roh Kudus.","Natakkoang Kamuni Roh Kudus pole na no rima tungka-tungka anak Guru'na, sibawa nawe renna akkuasang, Po gaui sininna anunna parentange Puatta Isa. Roh Kudus, iyyanaritu pattulung, iyarekka passalewo. Roh Kudus,"
69,"naonroi mattungke-tungke tau maberiange'nge alena lalurie puatta Isa. Roh Kudus, iya nari tupat tulung maelok missenge'ngi ada-adanna Allah ta'ala. Na tulung mane'ki, kuammengi nari pogau anuna suruange Allah ta'ala. Tau Kristeng'e.","Na onroi yi mattungka-tungka tau' mabbereangengi alena lao rie Puatta Isa. Roh Kudus, iyyanaritu pattulung maelo missengengi ada-adanna Alla ta'ala. Natulung manekki, kuamengen na ripogau anuna suruange Alla ta'ala.Tau Kristenge?"
70,"de'na perluangi pattulunna Roh lainge. Nasaba Roh Kudus, mailo ih'na tulung tau Kristenge, rilaleng anum na sennangi'e Allah ta'ala.","Detna perluangee pattulunna roh lainge, nasaba Roh Kudus, maelo ih natulung tau Kristenge, rilaleng ano nasennangiye Alla-taala."
71,"gambarat duo pulo e'nneng. sininna tau de'na ma tepp ripuatta isa, engkai laleng pettang'nge, na'saba deg'gaga lampunna.Biasa'i tappa sola, gangkana mabuang. Iya manengnna'ro, maperluangi pa jelok.","Gambara' duopulo ennen, Sininna tau de'e na mateppe ripuatta Isa, Engkai rilalem pettange, nasaba' de' gaga lampunna, Biasai tappasola gangkanna mabuang.Iyamananna ro' mapperluangi pa'jello,"
72,"kegenna laleng madeceng, anreng'nge laleng masalah. Naiya tau mateppe'e ripuatta isa, engkairi laleng matajang'nge. Roh Kudus, iyana'ri tu pa'jelok laleng, tulis sadiai maelok tulungi. Roh Kudus, nacakkari wi laletta.","Kegena laleng madeceng, enrenge laleng masalah.Naiyya tau mateppe'e ripuatta isa, engkai rilaleng matejangnge.Roh Kudus, iyanaritu padjellok laleng, tulissadiae maello tulungi.Roh Kudus, nacakka riwi laletta,"
73,sibawa ada-adanna Allah ta'ala.,Sibawa ada-adanna Allah ta'ala.
74,"Gambara duo pulo pitu. Tau Krisiteng'e, sitinajai tuo pada-pada na ilorie, ada-adanna Allah ta'ala. Makkeddai kitta'e, tau Kiristeng'e, de'na wedding'ngi malaweng, de'na wedding'ngi massasa, mapangiwang, me nau iarega ma sumpah berhala.","Gambara' dupo lopitu', tau Kristenge' siti najai tuo pada padana elo rie ada-adanna Allah ta'ala.Makkedai kitka'e, tau Kristenge' dekna waddim malaweng, dekna waddim massasa, mappangewang, mennau iya rekga massumpa berhala."
75,ia rega roh tau mate.,Iyare'ga roh tau mate.
76,"Gambara dua pulo arua. Keluarga Kristen'nge, sitinaja tuo situru ada adanna kittae. Orowane sitinaja na masei bainena, makkunra'iye sitinaja na pakaraja orowanena. Taumalipinenge'nge sitinaja situlu-tulung.","Gambara' duopulo arua, Keluarga Kristenge, sitinajai tuo situru ada-adanna kitta e, Oroane sitinajai na masaei bainena, Makkunrei e sitinajai na pakkaraja Oroane, Tau mallibinengenge, sitinajai situlu tulung."
77,"Sitinaja ena fiarai anak-anakna, sibawa napagurunna passuru'nna Allah ta'ala.","Sitina jayena piarai ana'-anakna, sibawa napak Guru'na passuruanna Allahtaala."
78,"Gambaran duo pulo asera. Naiya Allah ta'ala, nasuroi sininna tau Kristeng'nge, ma masewi sininna rupa taue, tanrenge topa balinna. Rilalengna gambara a,riitai engka dua tau pura si bajji, ia kia makukuwewe si adampenge'ngi.","Gambara' duopulo asera, Naya Allah ta'ala, nasuroi sininna tau Kristenge, Mama Sewi sininna rupa tauwe, Enrengi topa balinna.Rilalennah Gambara'a, riitai engka dua tau pura sibacci, Iya kia makukkuaewe siadam pengenni."
79,"Rilalengnaa gambara b, riitai engka seddi tau tulunge padanna rupa tau, a salennae pole ri sukulai nge, ia bencienge sukunna. Tau Kristenge, sitinajai namase sininna padanna rupa tau, mauni lauri tau macecce rialena.","Rilalena gambara'be, riitai engka seddi tau tulungi padanna rupa tau, Asalena e pole ri suku lainge, iya benciengi sukunna, tau Kristen'e, sitinajaina masei sininna padanna rupa tau, Mauni lao ritau macce'ce rialena."
80,"Gambara tellu pulo, rilalengna gambara e'we, engka dua tau mattengang tunu berhala, sima-sima sibawa anu makaramat lainge. Tau Kristenge, banna mi bawang ri allah ta'ala wedding massompa, sibawa mellau tulung rilaleng asenna Isa. Puatta Isa.","Gambara telluppulo, Rilalena gambara ewe, Angka dua tau mattengang tunu berhala, Si-ma-sima sibawa Anu makarama lainge.Tau keristenge, bannami bawang Riala taala wending massompa sibawa mello tulung Rilaleng asena isa.Puatta isa,"
81,"lebbi makkuasa na ia sininna sanrosanroi, barhalae, sima-simae, an rengitopa rohna tau mate.","Labbi makuase'na iya sininna sanro-sanroe, Barhala'e, Sima'-sima'e, Andreng topa rohna tau mate."
82,"Gambara tellu pulo seddi, rilalengna gambara e'we,engka seddi tau na uttamai setang. sininna rantai passiona na pettu-pettu maneng'i nasaba setang engkae mallarung rialena temmaka awang tangenna.puatta isa na passu'i setang'e ro agana madisingna taw e'ro.","Gambara telluppulo seddi, Rilalena gambara ewe, engka seddi tau nao utamai setang, Sininna rante passiona, na pettu-pettu manengi, nasaba setang engkae mallarung rialenna, temmaka awatenganna.Puatta isa, na passui setangero, aga na madisi na tauwero."
83,"setang'e ro terpassai massu nasaba iyya puatta isa lebbi makuasai naiyya sininna setang'e, sininna setang'e mitau'i ri puatta isa aja muasompa ri setang'e, aja to tumillau tulung ri sanroe.","Na iyya setangero, terpassaeh massu'.Nasaba iyya puatta Isa, lebbi makuase na iyya sininna setange.Sininna setange, me tau i ripuatta Isa.Ajak muassom Paris setange, Ajak to tome lao tulung Risanroe."
84,millau tulung'i ri ya allah ta'ala rilaleng isa.puatta isa makkuasai rukkai sininna setang'e.,"Mellau tulungi rialla ta'ala rilaleng Isa, Puatta Isa, makuasai rukkai sininna setange."
85,"Gambara tellu pulo dua nailoreng'i setang'e kuammengi sininna tau kristeng'e due mmi bawang sangeng'na pikkiri'ki iyare ga na pakeang rilanne to'pa paimeng. naelori'wi kuammengi tau kristeng'e naluppai'wi Allah ta'ala, iya kiya tau kristeng'e.","Gambara terlupulo dua', naello riwi setange' ku ammenge sininna tau Kristenge, doi emmi bawang sangin napikki Riki, iya rekga napakeang, rilenni topa paimeng.Naello riwi, ku ammenge tau Kristenge, na lupaivi Alla-taala, iya kia tau Kristenge,"
86,"sitinajai naturuki Allah ta'ala de sisseng-sisseng na wedding ma'kindreng ri setang'e sitinajai tuli mangring-errang lauri janjinna puatta isa iyana'ituu.sininna anu na na perluang'e rippasadiangangi ripuatta isa, mattius enneng ayat tellu pulo tellu.","Siti najaina to ruki Allah ta'ala, dek si sesisanna wedding makkinrang risetange.Siti najaina to limareng ngerang lao ri jancinna Puatta Isa iyanaritu, si ninna anuna perelluange ripassa diangenge ripuatta Isa, Matius enneng ayak tellu-pulo tellu."
87,"Gambara tellu pulo tellu, rilalengna gambara e'we engka seddi anak orowane tuli pogau-gau dosa,na ojak-kojang'ngi doi natarimae pole'ri ambo'na na pogauk'i alaawewang'nge abotoreng sibawa naturikinna ellona alena.","Gambara tellu pulo tellu, Rilalena gambara ewe, engka seddi ana'o rowan'e, toli pogau-gau dosa, Naoja kojang'e doi na tarima'e pole riambotna, Na pogau iya alawengenge, Abotoreng, sibawa na turukina elo'na alena."
88,naiya cappu'na doina risalai toni risallaona gangkangna massesekali lisuni paimeng laoni ri ambo'na millau adampenni nasaba maraja pakkamasena ambo'na ri'a dampenge'nni dosana sibawa ri tarimana paimeng.narekko pogaukki dosa.,"Na iyacapputna na doitna, Rissalaitoni riselaona, Gangkanna masessakale, Lisu'ni paimeng lao riambotna, Melau adampen, nasabak Maraja Pakkamase'na ambo'na, Riyadampe'ngenni dosana, sibawa ritarimana paimeng.Narekko pogau ki dosa,"
89,sitinaja ki mases'sekale sibawa tauba nariakui dosata laori puatta isa nasaba puatta isa temmaka na'amesetta. puatta isa musti na dampengengki.,"Siti najakik masse sekale sibawa toba, na ria akui dosa tallauri Puatta Issa, nasaba Puatta Issa, temmaka na amasitta, Puatta Issa, musti na dampengekki."
90,"Gambara tellu pulo e'ppa, sininna rupa tauwe gampang'ngi malasa millau doang'ngi laori puatta isa, millauni kuammengi puatta isa na'pa bisingi'ki ajana ri sanroiki marellau tulung iyare'ga nari'roh tau mate nasaba gao makkoero.","Gambara telluppulo eppa, Sininna rupa tauwe Gampangi malasa, Mellau doangi lao ripuatta isa, Mellau ni kuamangi puatta isa, Na padisingiki, Aja narisanroekik marelau tulu, Iarek ga nariroh natau mate, nasaba'gauh makuero,"
91,de'na willori'wi puatta isa. puatta isa lebbi makkuasai na sininna sewwa-sewwa'e.,"Deknawe lorriwi Puattaisa, Puattaisa lebbi makkuasae na sininna sewa-sewae."
92,"Gambara tellu pulo lima, narekko engka tau mateppe ripuatta isa namate tubunna rikubburu'i,iya kiya nyawana mattama risurgae nasaba dosana pura ria dampengeng'ngi ripuatta isa. narekko engka tau de'na mateppe ri isa na'mate, tubunna ri kubburu mu'i.","Gambara' terlupulo lima, narekko engka tau mateppe ripuatta isa namate' Tubunna rikup burui, iya kianyawa na mutta'ma iri suruga'e na saba' dosana pura riak dampeng nge ripuatta isa.Narekko engka tau dekna mateppe ri isa namate' Tubunna rikup burui mu'i."
93,iya kiya nyawana rihukkung'ngi rilaleng neraka nasaba dosana. peq'kugi tu idi maneng narekko mateki makukkuae puranika napaccingi puatta isa kuammengi rilolonga'ngi surga.,"Iyya kiyanyawa na rihukkungngi rilalennna raka na saba dosana, pekku gitu idi' manan na rekko matekki makukua, pura nikga napacngi Puatta Isa, kuammengi rilolongengi suruga."
94,"Gambara tellu pulo e'nneng, sininna lan'ru aleta, mapunna'ngi maneng'ngi tugas. Padenna mata, ripat'ke guna'i maki'ta, timuwe ripat'ke gunai mak bicara, sibawa daung culinge ripatke gunai maring kelinga. Narekko sala seddingna lanru aleta mapeddi.","Gambara telluppulo enneng, Sini nalanro aleta, mappunnangi manengi tugas, Padena mata, ripakke gunai makkita, Timue ripakke gunai makbicara, sibawa dauculingnge ripakke gunai marengkalinga, Narikko salah seddi nalanro aleta mappeddi."
95,"sininna watak kaleta na pe'neddi manengi, makkedai puatta isa Sininna tau kristeng'e pada padai seddie tubuh, puatta isa mancaji ulu. Tungke-tungke tau kristeng melalaengengi tugasna, yari'ga jama-jamanna. Ibara'na, mapbeda tum.","Sininna wata' kaleta, nape'nett dingi manengi, makkedai Puatta Isa. Sininna tau Kristen'e, pada-padai seddie tubuh, Puatta Isa mancaji ulu.Tungka-tungka tau Kristen, mallat laingengi tugasna, iyaregga jama-jama'na, ebarakna, mappedatong,"
96,"mapak buruangi ada-adanna Allah ta'ala, mak kelong, matulung, rilenne topa paimeng. Tungke-tungke tau kristen sak binnai puatta isa, sininna tau kristeng'e sitinaja siamaseang, sibantu-bantu.","Mappaguruangi adana-adana Alla-taala, makkelong, mattulung, rilennettoppa paimeng.Tungket-tungket tau Kristen, Sabbinnai Puatta Isa, Sininna tau Kristenge, siti najai siam aseang, sibantu-bantu."
97,"Gambara tellu pulo pitu, pura na parenta'ngi poa'nga Allah ta'ala, kuammengi sininna tau kristeng'e, si kura-kuranna siseng si minggu, ma deppungangi ma seppajang, mare laudoang, makelong, ma sibawa. Sala seddinna tau matappe, map'pa guru ri pasalenna puatta isa.","Gambara't terlupu lopitu', purana perentang'e Puangna Lataala' kuammeng'e sininna tau Kristenge, si ku'ra-ku'ra na siisa si minggu, maddeppungang'i masssem pajang, marillao doang, makkelong massibawa.Sala seddi'na tau matappak, mappak guru ripassalenna Puatta Isa."
98,"Tau kristeng'e, sitinajai na'ing ngerang'nge a matenggenna, sibawa a mutukenna puatta isa, gangka engka-engka na pole paimeng.","Tau Kristenge, siti najaena engngerangi amatengenna sibawa amotokennah Puattaisa, gangka engkana pole Paimeng."
99,"Gambara tellu pulo arua, makukkuae engkai puatta isa ri surgae,iya kia engka mate sewa wettu na engka paimeng noq Rilinoi, narekko engka ni matte pole, sininna tau matteppe'e na tiwi maneng'ngi mattama rilaleng surugae, iya kia sininna tau de'e na mateppe riweilaiwi.","Gambara telluppulo arua, makkukuae angkai Puatta Isa risurugae, iyakia anka mattisewa wattu' na anka Paiman no rilinoe, narekko anka ni matti pole, sininna tau matappae na tibik manangi mutta makri lale suruga, iyakia sininna tau de'e na matappa riwe laiwi."
100,"na inappa ri hukkung rilalanna api nerakae. Sadia maneng'i ga'tu, hebara na nareko makukuae engkai puatta isa pole.","Na inappa rihukkung rilalena apinna rakae, Sa diamanan nek'gatu, e bara'na narekko makkukuae anggka ipuatta Isa pole."
101,"Gambara tellu pulo asera, pole ripoko'na a jue, ritajengi buana. Takkede'e na makke buah ri toto'i na ri tunu. Nakkale berake'ngi alena puatta isa pada seddi'e poko aju. Na sininna tau mateppe'e, manjajiwi takkena.","Gambara' telluppulo aserah, pole ripokokna aju'e ritajengi buanna, Takkede'e na makkebu'a ritotoi'na ritunu, na kalebarakengi alena Puatta Isa' pada seddie poko aju, na sininna tau mateppe'e mancajiwi Takkena."
102,"Maddenua'ngi buah madeceng pole ritau kristeng'e, iya riase'nge buah, iyana ritu, pakka mase, ari-riyong, adi cengang, sadia maelok mattulung, alempureng sibawa atuong madeceng. Ia maneng na'ro, mumpu iriatuona tau kristeng'e.","Madde'nuangngi bua madeceng pole ri tau Kristenge, iyya ria senge bua, iyyanaritu Pakkamase, Ariorion, Adeceng, Sadia Maelo mattulung, Alempureng sibawa atuong madeceng.Iyya menanaro, mompoi riatuo na tau Kristenge."
103,"nasaba akkuasanna roh kudus, atuonna tau mateppe'e riya Allah ta'ala, sitinajai lebbi madeceng'i na iya riwatunna deppa na mateppe.","Nasaba akkuasanna roh kudus, atuona tau matappa e riallataala, sitenajailebbi madecengi, na iya riwattunna dekpa na matappa."
104,"Gambara pata pulo, mateppe muki'ga lauri puatta isa, narekko makkowairo, ria palebbanganni lawri songpulolota. Purana dampengngi'ga puatta isa dosata, aja'ta masiri mapalebbangangi lauri selauta. Riapesabianni makkedae, masennani atitta.","Gambara' patappulo', mateppemuki ga laori Puatta Isa, narekko makkuero, Ria pallebbangengi laori sompullo lota, Puranak dampengengi ga Puatta Isa ado sata, Ajak tama siri mappallebbangengi laori selloota, Ria pesabianni makkeda' masennanni atitta,"
105,"sibawa de'na tau mitau lawri setang'e, ria disingemui'ga makkedae. Purana pasadiangangi onrong puatta isa rilaleng suruga, narekko makkua'ero, a palebbangangi makkedae, pura ripasadiangangi onrong rilaleng suruga, sinina tau mateppe rieng'ngi puatta isa. Sibalikenna.","Sibawa dekna atametau lao risetange, riadissengimuika makkeda'e.Purana passadiangangi onrong Puatta Isah rilaleng Suruga, narekko makkuero, appallebbangangi makkeda'e.Purana passadiangangi onrong Rilala Suruga, sininna tau matapereengi Puatta Isah.Sibale'kena,"
106,"engka onrong pahukki ngeng, ripasadiangangi sinina tau de'e na mateppe, ria palebbangangi makkedae. Puatta isa, maelo'i palleppe maneng'i sinina tauwe, kuammengi dek'na rihukkung ri ya finarakae. Puatta isa na parintangi.","Engka onrong pahukungeng, ripassadiangengi sininna tau de'e na mateppe' Ria pallebbangengi makkadae', Puatta Isa' maello'i palleppe manengi sininna taue' kuamenge dekna rihukung riapinna rakae.Puatta Isa'na perentangi,"
107,"kuammengi ri a palebbangangi lauri sininna tauwe, laleng asalamakeng'nge, maelok muki'ga mapalebbangangi ada-adanna puatta isa, pikiriki wi gau e'we, na muala appettum.","Kuamengi riabballebbangengi lao risini naatauwe Laleng asalamakenge.Maelok muki ga mappallebbangenge ada-adanna Puatta Isa.Pikki rikiwi gauwewe, na muala apettung."
